frame_proto,packet_total,packets_half,volume_total,volume_half
eth:ethertype:ip:udp:xyplex,33,18,11975,8946
eth:ethertype:ip:udp:xdmcp,539725,269363,32383500,16161780
eth:ethertype:ip:udp:wtp:wsp,6,4,1394,1058
eth:ethertype:ip:udp:wtp,247,120,91991,42867
eth:ethertype:ip:udp:wtls,617,312,212628,97353
eth:ethertype:ip:udp:wsp:xml,1,0,101,0
eth:ethertype:ip:udp:wsp:wbxml,2,0,1006,0
eth:ethertype:ip:udp:wsp:media,11,0,1122,0
eth:ethertype:ip:udp:wsp,73550,14841,7205846,1134727
eth:ethertype:ip:udp:wlccp,5850,2933,745992,374664
eth:ethertype:ip:udp:wisun.eapol_relay:eapol:data,138,64,80770,36822
eth:ethertype:ip:udp:wisun.eapol_relay:eapol,27,10,2362,838
eth:ethertype:ip:udp:wisun.eapol_relay,328,150,19680,9000
eth:ethertype:ip:udp:wimaxasncp,27,24,3300,3120
eth:ethertype:ip:udp:who,26,12,16563,7221
eth:ethertype:ip:udp:wg,2166,1097,290916,147166
eth:ethertype:ip:udp:wccp,10,3,600,180
eth:ethertype:ip:udp:vxlan:eth:llc,1,1,68,68
eth:ethertype:ip:udp:vxlan:eth:ethertype:data,200,95,32631,15271
eth:ethertype:ip:udp:vxlan:eth,39,18,2348,1084
eth:ethertype:ip:udp:vxlan,161,91,9660,5460
eth:ethertype:ip:udp:vuze-dht,272,105,90696,37382
eth:ethertype:ip:udp:vrt,185,97,31904,12279
eth:ethertype:ip:udp:ulp,255,129,94135,41117
eth:ethertype:ip:udp:uftp:data,6,1,360,60
eth:ethertype:ip:udp:udpencap:isakmp,72061,36013,17737438,8864314
eth:ethertype:ip:udp:udpencap:esp,542707,271443,215497548,107599939
eth:ethertype:ip:udp:udpencap,9,7,540,420
eth:ethertype:ip:udp:uaudp:ua:data,1,0,554,0
eth:ethertype:ip:udp:uaudp,8673,4357,1337412,661531
eth:ethertype:ip:udp:tzsp:data,88,41,7265,3068
eth:ethertype:ip:udp:tzsp,570,264,98626,44407
eth:ethertype:ip:udp:tsp,29,20,10587,6346
eth:ethertype:ip:udp:ts2,332,157,94754,41417
eth:ethertype:ip:udp:tplink-smarthome:json:data-text-lines,356,166,113629,50179
eth:ethertype:ip:udp:tpcp,2,2,120,120
eth:ethertype:ip:udp:tipc:data,11,8,3094,1770
eth:ethertype:ip:udp:tipc,397,198,43151,20459
eth:ethertype:ip:udp:time,80382,39524,5160680,2542206
eth:ethertype:ip:udp:thrift,103,43,45919,16487
eth:ethertype:ip:udp:tftp,498737,249488,30681127,15347436
eth:ethertype:ip:udp:tetra,187,91,81865,38767
eth:ethertype:ip:udp:teredo:ipv6:icmpv6,2,0,244,0
eth:ethertype:ip:udp:teredo:ipv6:data,2,0,680,0
eth:ethertype:ip:udp:teredo:ipv6,48523,24639,4237600,2154496
eth:ethertype:ip:udp:teredo:data,110,61,23915,11957
eth:ethertype:ip:udp:teredo,137,59,8220,3540
eth:ethertype:ip:udp:tapa,14,6,924,388
eth:ethertype:ip:udp:tacacs,16147,8077,1297445,648057
eth:ethertype:ip:udp:syslog,19,9,12112,5036
eth:ethertype:ip:udp:stun,648963,324280,40259354,20120388
eth:ethertype:ip:udp:steam_ihs_discovery,106117,52743,7085015,3520826
eth:ethertype:ip:udp:ssdp:data,44616,22376,5278576,2648921
eth:ethertype:ip:udp:ssdp,2040448,1020820,267540941,133853362
eth:ethertype:ip:udp:srvloc,932749,472333,79610452,40376090
eth:ethertype:ip:udp:snmp,2656118,1329894,256761047,128573763
eth:ethertype:ip:udp:slimp3,172,88,12207,5883
eth:ethertype:ip:udp:sip:sigcomp,16,7,1045,427
eth:ethertype:ip:udp:sip:sdp,32764,16372,34714468,17346650
eth:ethertype:ip:udp:sip,3995399,1995201,1676954463,837465522
eth:ethertype:ip:udp:sigcomp,66,37,9224,6220
eth:ethertype:ip:udp:sflow,20,9,1200,540
eth:ethertype:ip:udp:sctp:data,1,1,1066,1066
eth:ethertype:ip:udp:sctp,203,90,90012,40000
eth:ethertype:ip:udp:scop:wpan:data,1,0,124,0
eth:ethertype:ip:udp:scop:wpan,33,17,2633,1353
eth:ethertype:ip:udp:scop:data,353,196,170416,83092
eth:ethertype:ip:udp:scop,61,26,3718,1560
eth:ethertype:ip:udp:sbus,9122,4390,547320,263400
eth:ethertype:ip:udp:sap:sdp,4,2,1740,1620
eth:ethertype:ip:udp:sap,216,99,84061,38988
eth:ethertype:ip:udp:sabp:sabp,21,14,1312,864
eth:ethertype:ip:udp:sabp,8389,4199,516904,258121
eth:ethertype:ip:udp:rx:afs,118,65,13307,7239
eth:ethertype:ip:udp:rx,54714,28228,4039808,2084195
eth:ethertype:ip:udp:rtps,57825,28771,15875310,7899450
eth:ethertype:ip:udp:rtpproxy,21,15,11184,7672
eth:ethertype:ip:udp:rtcp,7155,1703,4437464,1066426
eth:ethertype:ip:udp:rsvp,136,70,28803,16250
eth:ethertype:ip:udp:rsp:ipmi_session,1,0,85,0
eth:ethertype:ip:udp:rsp:data,1,1,554,554
eth:ethertype:ip:udp:rsp:asf:data,1,0,554,0
eth:ethertype:ip:udp:rsp,15,7,8889,3484
eth:ethertype:ip:udp:rsip,220,105,33298,19201
eth:ethertype:ip:udp:rpc:data,100871,50363,8835688,4411474
eth:ethertype:ip:udp:rpc,1764798,881085,145307745,72535111
eth:ethertype:ip:udp:rmcp:ipmi_session:data,505367,252428,33140920,16554436
eth:ethertype:ip:udp:rmcp:ipmi_session,5649,2813,384132,191284
eth:ethertype:ip:udp:rmcp:asf:data,1,1,1066,1066
eth:ethertype:ip:udp:rmcp:asf,11598,5859,695880,351540
eth:ethertype:ip:udp:ripng,127,10,16197,5071
eth:ethertype:ip:udp:rip,809903,406283,53430848,26805432
eth:ethertype:ip:udp:rdt,264,123,99406,45898
eth:ethertype:ip:udp:rdpudp:tls,8,3,5725,1778
eth:ethertype:ip:udp:rdpudp:dtls,7,5,2359,2067
eth:ethertype:ip:udp:rdpudp,667018,333237,70948489,35384997
eth:ethertype:ip:udp:raknet:raknet:raknet,1770,899,124283,63087
eth:ethertype:ip:udp:raknet:raknet,42995,21281,2902290,1438691
eth:ethertype:ip:udp:raknet,39016,19519,2679997,1338738
eth:ethertype:ip:udp:radius:eap,4172,2258,538188,291282
eth:ethertype:ip:udp:radius,415251,207760,26043235,13030928
eth:ethertype:ip:udp:quic:tls:tls:tls:tls:tls:tls:tls:tls:tls:tls,1,1,1292,1292
eth:ethertype:ip:udp:quic:tls:tls:tls:tls:tls:tls:tls:tls,1,1,1292,1292
eth:ethertype:ip:udp:quic:tls,11433,5569,14625770,7129586
eth:ethertype:ip:udp:quic,67508,33739,86341741,43151691
eth:ethertype:ip:udp:quakeworld:data,144,71,58331,25098
eth:ethertype:ip:udp:quakeworld,52,29,3162,1775
eth:ethertype:ip:udp:quake:data,172,65,58293,22660
eth:ethertype:ip:udp:quake3:data,16025,7957,1705469,818096
eth:ethertype:ip:udp:quake3,379924,189941,22796215,11397095
eth:ethertype:ip:udp:quake2:data,155,76,56355,21506
eth:ethertype:ip:udp:quake2,57,32,15471,9450
eth:ethertype:ip:udp:quake,132,62,7920,3720
eth:ethertype:ip:udp:ptp,3,2,2174,1620
eth:ethertype:ip:udp:portcontrol,878695,441773,52757362,26524399
eth:ethertype:ip:udp:pn_rt:pn_ptcp,177,95,33640,18211
eth:ethertype:ip:udp:pn_rt:pn_io,555,256,128644,56272
eth:ethertype:ip:udp:pn_rt,146,74,9462,4867
eth:ethertype:ip:udp:pktc.mtafqdn,251,130,38480,20772
eth:ethertype:ip:udp:pktc,145,74,29950,16687
eth:ethertype:ip:udp:pfcp,27373,13627,1718199,851349
eth:ethertype:ip:udp:pathport,25,5,16152,2989
eth:ethertype:ip:udp:papi,4,1,240,60
eth:ethertype:ip:udp:packetbb,14,6,6117,2408
eth:ethertype:ip:udp:openvpn,1257826,628760,77125779,38551752
eth:ethertype:ip:udp:opensafety_udp:data,213,94,92422,39276
eth:ethertype:ip:udp:opensafety:data,179,78,78936,33368
eth:ethertype:ip:udp:omron,310805,156726,18648300,9403560
eth:ethertype:ip:udp:oicq,44,23,4179,2332
eth:ethertype:ip:udp:nxp_802154_sniffer:wpan:data,61,26,8892,4282
eth:ethertype:ip:udp:nxp_802154_sniffer:wpan,147,61,56033,24631
eth:ethertype:ip:udp:nxp_802154_sniffer,362,164,39672,19971
eth:ethertype:ip:udp:ntp,5409900,2710037,783336306,391920758
eth:ethertype:ip:udp:ncp,27,9,13685,4517
eth:ethertype:ip:udp:nbns,1275545,636962,117362028,58606942
eth:ethertype:ip:udp:nbdgm,24,17,11121,8494
eth:ethertype:ip:udp:nano,196,92,92779,40235
eth:ethertype:ip:udp:msproxy,166,79,30700,15599
eth:ethertype:ip:udp:msmms,17,10,6107,3693
eth:ethertype:ip:udp:mpls:pwethheuristic:pwethnocw:eth:ethertype:data,1,0,106,0
eth:ethertype:ip:udp:mpls:pwethheuristic:pwethcw:eth:llc,14,7,1120,560
eth:ethertype:ip:udp:mpls:pwethheuristic:pwethcw:eth:ethertype:ip,1,0,83,0
eth:ethertype:ip:udp:mpls:pwethheuristic:pwethcw:eth:ethertype:data,9,2,3314,722
eth:ethertype:ip:udp:mpls:pwethheuristic:pwethcw:eth,7,4,420,240
eth:ethertype:ip:udp:mpls:ipv6:data,5,2,3230,1223
eth:ethertype:ip:udp:mpls:ipv6,3,1,198,66
eth:ethertype:ip:udp:mpls:ip,18,9,1263,644
eth:ethertype:ip:udp:mpls-echo,1,1,554,554
eth:ethertype:ip:udp:mpls:data,49,18,14030,6063
eth:ethertype:ip:udp:mpls,94,41,65470,27824
eth:ethertype:ip:udp:mp2t,14,5,3220,1150
eth:ethertype:ip:udp:mndp,19,11,2498,1419
eth:ethertype:ip:udp:mipv6,146,59,30093,12637
eth:ethertype:ip:udp:mip,24,10,13375,5565
eth:ethertype:ip:udp:mint:eth:ethertype:data,6,0,492,0
eth:ethertype:ip:udp:mint,582,272,154634,60466
eth:ethertype:ip:udp:mikey,278,141,42105,23886
eth:ethertype:ip:udp:mih,157,76,24795,11624
eth:ethertype:ip:udp:mgcp,50380,25976,5004457,2579689
eth:ethertype:ip:udp:memcache,3051196,1528218,262979303,131641405
eth:ethertype:ip:udp:megaco:data,187,92,36319,17828
eth:ethertype:ip:udp:megaco,14,5,1383,816
eth:ethertype:ip:udp:mdns,4147525,2073304,390578072,195809237
eth:ethertype:ip:udp:mbudp:modbus,7836,3926,470160,235560
eth:ethertype:ip:udp:manolito,820,364,124172,51105
eth:ethertype:ip:udp:lwres,30,18,11300,6066
eth:ethertype:ip:udp:lwapp:wlan:data,75,28,15363,6238
eth:ethertype:ip:udp:lwapp:wlan,188,84,125312,57054
eth:ethertype:ip:udp:lwapp:data,120,54,33193,17579
eth:ethertype:ip:udp:lwapp,61,37,3660,2220
eth:ethertype:ip:udp:ltp:data,11,4,672,252
eth:ethertype:ip:udp:ltp,48,30,7375,4730
eth:ethertype:ip:udp:lmp,19,14,10058,6264
eth:ethertype:ip:udp:llmnr,139,66,28092,15748
eth:ethertype:ip:udp:llc:sna:data,1,0,1066,0
eth:ethertype:ip:udp:llc:osi:data,18,0,2376,0
eth:ethertype:ip:udp:llc:ipx:data,36,36,3204,3204
eth:ethertype:ip:udp:llc:ip,2,2,120,120
eth:ethertype:ip:udp:llc:data,1882,949,504973,232480
eth:ethertype:ip:udp:llc,87,46,5220,2760
eth:ethertype:ip:udp:lisp:ipv6:data,1,0,152,0
eth:ethertype:ip:udp:lisp-data:ipv6:data,11,6,2598,1604
eth:ethertype:ip:udp:lisp-data:ipv6,9,4,576,252
eth:ethertype:ip:udp:lisp-data:ip,7,4,926,248
eth:ethertype:ip:udp:lisp:data,84,51,16706,9431
eth:ethertype:ip:udp:lisp-data,224,108,27939,12865
eth:ethertype:ip:udp:lisp,78,40,11515,6177
eth:ethertype:ip:udp:l2tp:ppp:data,16,7,3607,1918
eth:ethertype:ip:udp:l2tp:data,1,1,554,554
eth:ethertype:ip:udp:l2tp,441875,220742,57822938,28887097
eth:ethertype:ip:udp:kpasswd,23,15,14659,9690
eth:ethertype:ip:udp:knet,247,109,45028,20231
eth:ethertype:ip:udp:kip,116921,57524,7618582,3748043
eth:ethertype:ip:udp:kink,674,332,104987,55962
eth:ethertype:ip:udp:kerberos,232655,115991,36213085,18053871
eth:ethertype:ip:udp:kdp,427,221,99971,44724
eth:ethertype:ip:udp:jmirror:ipv6:data,6,2,1111,232
eth:ethertype:ip:udp:jmirror:ipv6,8,6,486,360
eth:ethertype:ip:udp:isakmp,2554385,1282785,808579255,406638792
eth:ethertype:ip:udp:ipx:data,24,10,15783,4722
eth:ethertype:ip:udp:ipx,9,4,665,240
eth:ethertype:ip:udp:ipvs,178,87,76554,32228
eth:ethertype:ip:udp:ip,19,10,1520,800
eth:ethertype:ip:udp:infiniband:data,33,17,4405,2075
eth:ethertype:ip:udp:infiniband,112,50,17597,7793
eth:ethertype:ip:udp:ieee1722:iec61883,21,10,1812,713
eth:ethertype:ip:udp:ieee1722:data,153,73,77844,33377
eth:ethertype:ip:udp:ieee1722:cvf:data,1,1,554,554
eth:ethertype:ip:udp:ieee1722:aaf,3,2,216,144
eth:ethertype:ip:udp:ieee1722,31,19,1860,1140
eth:ethertype:ip:udp:idn,222,103,86382,36430
eth:ethertype:ip:udp:icq,126,63,7560,3780
eth:ethertype:ip:udp:icp,124,66,26310,14903
eth:ethertype:ip:udp:iax2:data,85,46,15203,8193
eth:ethertype:ip:udp:iax2,3876,1930,240602,122490
eth:ethertype:ip:udp:iapp,301,153,43002,24058
eth:ethertype:ip:udp:hiqnet,125,57,26689,11003
eth:ethertype:ip:udp:hip,6,1,360,60
eth:ethertype:ip:udp:hcrt,760,405,110264,59596
eth:ethertype:ip:udp:hart_ip,257615,128868,15457183,7732203
eth:ethertype:ip:udp:h501,285,131,34810,16904
eth:ethertype:ip:udp:h248,514,292,57852,33104
eth:ethertype:ip:udp:h225:data,2,0,235,0
eth:ethertype:ip:udp:h225,25041,12900,1884470,971168
eth:ethertype:ip:udp:gvcp,2,2,130,130
eth:ethertype:ip:udp:gtpprime,25440,12743,1528054,765871
eth:ethertype:ip:udp:gtp:gtpv2,215342,107558,12930421,6458943
eth:ethertype:ip:udp:gtp,292733,148221,17582253,8902173
eth:ethertype:ip:udp:gsmtap:sndcp,2,0,252,0
eth:ethertype:ip:udp:gsmtap:gsm_sim,3,1,180,60
eth:ethertype:ip:udp:gsmtap:data,47,24,20647,9465
eth:ethertype:ip:udp:gsmtap,86,35,6841,2613
eth:ethertype:ip:udp:gre:data,336,163,30647,14743
eth:ethertype:ip:udp:gre,203,91,23648,11779
eth:ethertype:ip:udp:gquic,508150,253912,707277607,353402008
eth:ethertype:ip:udp:gprs-ns:bssgp,42,21,2742,1398
eth:ethertype:ip:udp:gprs-ns,371,183,117688,59545
eth:ethertype:ip:udp:goose:cotp:goose,24,4,16352,3752
eth:ethertype:ip:udp:goose:cotp:data,1,0,187,0
eth:ethertype:ip:udp:goose:cotp,369,103,219282,58241
eth:ethertype:ip:udp:geneve:data,626,540,66643,57972
eth:ethertype:ip:udp:geneve:cl3,1,1,106,106
eth:ethertype:ip:udp:geneve:bap,2,2,212,212
eth:ethertype:ip:udp:geneve,84,41,6374,3074
eth:ethertype:ip:udp:find,25,12,13593,5746
eth:ethertype:ip:udp:eth:llc:data,42,4,3194,740
eth:ethertype:ip:udp:eth:llc,9,0,578,0
eth:ethertype:ip:udp:eth:ethertype:data,153,64,79872,34356
eth:ethertype:ip:udp:eth,47,28,2820,1680
eth:ethertype:ip:udp:epl:data,10032,5045,853189,428825
eth:ethertype:ip:udp:epl,541,271,45810,22960
eth:ethertype:ip:udp:enttec,2,0,126,0
eth:ethertype:ip:udp:enrp,206,95,83947,35935
eth:ethertype:ip:udp:enip,69806,34867,4675748,2337343
eth:ethertype:ip:udp:elasticsearch,815,419,142799,73803
eth:ethertype:ip:udp:egd:data,128,65,81647,40569
eth:ethertype:ip:udp:egd,65,35,4002,2139
eth:ethertype:ip:udp:edonkey,2,2,1108,1108
eth:ethertype:ip:udp:ecmp,107,52,20362,11844
eth:ethertype:ip:udp:echo,402812,200397,25120681,12500022
eth:ethertype:ip:udp:ecatf:tc_nv,172,82,13800,6053
eth:ethertype:ip:udp:ecatf:ioraw,21,15,8477,6711
eth:ethertype:ip:udp:ecatf:ecat_mailbox,70,28,49757,19121
eth:ethertype:ip:udp:ecatf:ecat,236717,118312,20831761,10411036
eth:ethertype:ip:udp:ecatf:data,497,260,77593,42594
eth:ethertype:ip:udp:ecatf:ams,13,10,1672,1432
eth:ethertype:ip:udp:ecatf,54,29,3240,1740
eth:ethertype:ip:udp:e100:eth,3531,1698,247170,118860
eth:ethertype:ip:udp:dvb_ipdc:data,576,288,110255,50542
eth:ethertype:ip:udp:dvb_ipdc:alc:rmt-lct:data,2,0,144,0
eth:ethertype:ip:udp:dvb_ipdc:alc:rmt-lct,10,5,3281,1157
eth:ethertype:ip:udp:dtls,971877,485547,198724302,99314717
eth:ethertype:ip:udp:dpnet,168,68,25349,8659
eth:ethertype:ip:udp:doip,209,113,83981,39435
eth:ethertype:ip:udp:dof,2509,1295,193630,99800
eth:ethertype:ip:udp:dns,4880591,2441129,389232396,194658244
eth:ethertype:ip:udp:dmp,61,32,6666,4201
eth:ethertype:ip:udp:dlsw,4,3,2561,1892
eth:ethertype:ip:udp:dlep,29,12,15890,6236
eth:ethertype:ip:udp:dis,24252,12066,3880259,1927166
eth:ethertype:ip:udp:dhcpv6,66,34,31760,16567
eth:ethertype:ip:udp:dhcp,347,315,67851,50912
eth:ethertype:ip:udp:ddtp,9,3,708,264
eth:ethertype:ip:udp:dcp-etsi:dcp-pft,26,6,13574,2921
eth:ethertype:ip:udp:dcp-etsi:dcp-af,22,7,11536,2910
eth:ethertype:ip:udp:dcerpc,15,0,2444,0
eth:ethertype:ip:udp:dcc,56,26,18368,9117
eth:ethertype:ip:udp:db-lsp-disc:json:data-text-lines,125,70,7500,4200
eth:ethertype:ip:udp:db-lsp-disc,201,96,84137,38291
eth:ethertype:ip:udp:daytime,171310,85380,10291544,5129626
eth:ethertype:ip:udp:data,56245926,27805236,7709099757,3513889272
eth:ethertype:ip:udp:cups,48927,24456,3631905,1816010
eth:ethertype:ip:udp:cpfi,12,7,720,420
eth:ethertype:ip:udp:corosync_totemnet:data,1510,1061,149078,95472
eth:ethertype:ip:udp:collectd,192,96,63412,26889
eth:ethertype:ip:udp:coap:data,16202,8102,1394439,706197
eth:ethertype:ip:udp:coap:cbor,32778,16383,1966680,982980
eth:ethertype:ip:udp:coap,1754082,877130,108910706,54462539
eth:ethertype:ip:udp:cnip:lon,14321,7128,1088396,541728
eth:ethertype:ip:udp:cnip:data,97,47,38522,20652
eth:ethertype:ip:udp:cnip,355,196,38639,21388
eth:ethertype:ip:udp:cldap,1225789,613681,108905889,54529015
eth:ethertype:ip:udp:classicstun,31270,15661,2189860,1097230
eth:ethertype:ip:udp:cipio,25106,12702,1676064,846653
eth:ethertype:ip:udp:cigi,177,123,22905,15910
eth:ethertype:ip:udp:chargen,809696,407821,49311561,24834515
eth:ethertype:ip:udp:cflow,178,92,10680,5520
eth:ethertype:ip:udp:capwap:dtls,8,2,1509,1126
eth:ethertype:ip:udp:capwap.data:eth:llc:data,2,0,166,0
eth:ethertype:ip:udp:capwap.data:eth:ethertype:data,39,21,4865,3008
eth:ethertype:ip:udp:capwap.data:eth,6,5,360,300
eth:ethertype:ip:udp:capwap.data:dtls,15,8,1408,986
eth:ethertype:ip:udp:capwap.data:data,26,10,10759,3176
eth:ethertype:ip:udp:capwap.data,190,100,17243,9778
eth:ethertype:ip:udp:capwap:data,11,7,6749,3878
eth:ethertype:ip:udp:capwap,137,65,19827,9545
eth:ethertype:ip:udp:caneth:data:data,5302,2661,461274,231507
eth:ethertype:ip:udp:c1222,220,121,50602,18377
eth:ethertype:ip:udp:bvlc:bacnet:bacapp,795255,397737,48612710,24311099
eth:ethertype:ip:udp:bundle:data,1,1,198,198
eth:ethertype:ip:udp:bundle,1,1,60,60
eth:ethertype:ip:udp:bjnp,666,290,295603,125725
eth:ethertype:ip:udp:bfd_echo,269,133,41541,24297
eth:ethertype:ip:udp:bfd,191773,96895,19109476,9682985
eth:ethertype:ip:udp:bat.vis:data,150,67,36709,17894
eth:ethertype:ip:udp:bat.vis,18,8,1574,480
eth:ethertype:ip:udp:bat.gw:ip,20,17,2320,2140
eth:ethertype:ip:udp:bat.gw:data,112,48,25827,10042
eth:ethertype:ip:udp:bat.gw,155,71,9300,4260
eth:ethertype:ip:udp:bat:data,218,142,29326,19319
eth:ethertype:ip:udp:ayiya:sctp,1,1,106,106
eth:ethertype:ip:udp:ayiya:ipcomp:data,1,1,106,106
eth:ethertype:ip:udp:ayiya:dsr:ipv6.hopopts:ipv6.hopopts,2,1,144,72
eth:ethertype:ip:udp:ayiya,19230,9778,8565749,4354155
eth:ethertype:ip:udp:ax4000,139,70,27075,15575
eth:ethertype:ip:udp:auto_rp,19,7,8711,3402
eth:ethertype:ip:udp:ath,783,410,118162,67978
eth:ethertype:ip:udp:asterix,5311,2977,396757,208555
eth:ethertype:ip:udp:asap,190,59,34239,12158
eth:ethertype:ip:udp:armagetronad,58,32,3572,1966
eth:ethertype:ip:udp:ardp,132,67,76019,35997
eth:ethertype:ip:udp:aodv,1,1,1066,1066
eth:ethertype:ip:udp:amt:ip:ipv6:data,3,2,294,196
eth:ethertype:ip:udp:amt:ip:data,2,1,709,155
eth:ethertype:ip:udp:amt:ip,27,10,4911,1666
eth:ethertype:ip:udp:amt,229,112,30809,14067
eth:ethertype:ip:udp:ajns,182,78,83972,36327
eth:ethertype:ip:udp:adwin,8,5,812,510
eth:ethertype:ip:udp:adp,434,243,106335,49617
eth:ethertype:ip:udp:actrace,33,17,1980,1020
eth:ethertype:ip:udp:acdr,23,16,9529,7944
eth:ethertype:ip:udp:a21,367,155,84902,35617
eth:ethertype:ip:udp:a11,1,1,554,554
eth:ethertype:ip:udp,8050574,4024274,548967728,274415529
eth:ethertype:ip:tcp:zebra,38,20,36388,19528
eth:ethertype:ip:tcp:z3950,18,10,16400,10036
eth:ethertype:ip:tcp:xot:x25:data:x25:data,2,0,1908,0
eth:ethertype:ip:tcp:xot:x25:data:x25,3,1,2862,954
eth:ethertype:ip:tcp:xot:x25:data,7,6,6678,5724
eth:ethertype:ip:tcp:xot:x25,1,0,954,0
eth:ethertype:ip:tcp:xmcp,13,6,12402,5724
eth:ethertype:ip:tcp:x11,1605,815,1405458,707301
eth:ethertype:ip:tcp:wow,45,21,39606,17674
eth:ethertype:ip:tcp:winsrepl,12,5,11448,4770
eth:ethertype:ip:tcp:vnc,139,76,127927,68543
eth:ethertype:ip:tcp:vicp,44,17,40906,15312
eth:ethertype:ip:tcp:uma,7,5,6678,4770
eth:ethertype:ip:tcp:twamp.control,35,13,33402,12354
eth:ethertype:ip:tcp:tpm,70,29,60852,23119
eth:ethertype:ip:tcp:tplink-smarthome:json:data-text-lines:json:data-text-lines,3,1,2862,954
eth:ethertype:ip:tcp:tplink-smarthome:json:data-text-lines,7,5,6678,4770
eth:ethertype:ip:tcp:tplink-smarthome,1,1,954,954
eth:ethertype:ip:tcp:tpkt,44,22,41196,20024
eth:ethertype:ip:tcp:tls,24186,12105,9430912,4722007
eth:ethertype:ip:tcp:time,42,18,29956,12040
eth:ethertype:ip:tcp:tibia:data:data,1,0,954,0
eth:ethertype:ip:tcp:tibia:data,3,2,2986,2032
eth:ethertype:ip:tcp:tibia,19,7,18126,6678
eth:ethertype:ip:tcp:thrift,16,13,14176,10942
eth:ethertype:ip:tcp:tfp,45,22,41010,21576
eth:ethertype:ip:tcp:telnet,47,24,31560,18630
eth:ethertype:ip:tcp:tds,84,38,7980,3610
eth:ethertype:ip:tcp:tcpcl:bundle,1,1,1078,1078
eth:ethertype:ip:tcp:tcpcl,9,6,8166,5444
eth:ethertype:ip:tcp:tacplus,8,3,7632,2862
eth:ethertype:ip:tcp:synergy,13,8,12402,7632
eth:ethertype:ip:tcp:stun,8,5,7632,4770
eth:ethertype:ip:tcp:ssh,1526,782,172454,89134
eth:ethertype:ip:tcp:srvloc,146095,74346,15924355,8103714
eth:ethertype:ip:tcp:spdy,11,6,10494,5724
eth:ethertype:ip:tcp:socks,47,25,44726,24050
eth:ethertype:ip:tcp:snmp,60,25,55810,24438
eth:ethertype:ip:tcp:smux,6,4,5956,3800
eth:ethertype:ip:tcp:smtp:data-text-lines,20,12,19264,11788
eth:ethertype:ip:tcp:smtp,48,18,34771,13320
eth:ethertype:ip:tcp:slsk,35,19,33390,18126
eth:ethertype:ip:tcp:sir:irlap:data,14,9,12020,8678
eth:ethertype:ip:tcp:sir,15,9,14402,8182
eth:ethertype:ip:tcp:sip,23,11,21210,10322
eth:ethertype:ip:tcp:scop:data,2,1,1644,566
eth:ethertype:ip:tcp:sametime,5,1,4770,954
eth:ethertype:ip:tcp:sabp,34,21,31564,19970
eth:ethertype:ip:tcp:rtsp,117,57,111406,51658
eth:ethertype:ip:tcp:rtpproxy,8,4,7600,3800
eth:ethertype:ip:tcp:rtmpt,33,19,32302,18218
eth:ethertype:ip:tcp:rsync,52,24,44911,20774
eth:ethertype:ip:tcp:rsip,27,13,23153,10317
eth:ethertype:ip:tcp:rsh,34,15,27328,12214
eth:ethertype:ip:tcp:rpc,42,25,33593,18089
eth:ethertype:ip:tcp:rmi,56,26,45106,20438
eth:ethertype:ip:tcp:rlogin,43,25,39130,21742
eth:ethertype:ip:tcp:reload-framing,35,17,33170,16682
eth:ethertype:ip:tcp:r3,84,42,70596,36594
eth:ethertype:ip:tcp:ptpip,37,23,34814,21754
eth:ethertype:ip:tcp:pptp:data,49,27,42495,22435
eth:ethertype:ip:tcp:pop:imf,18,8,16240,7228
eth:ethertype:ip:tcp:pop,16,5,15464,5142
eth:ethertype:ip:tcp:pmproxy,42,23,38022,20984
eth:ethertype:ip:tcp:pgsql,2,0,312,0
eth:ethertype:ip:tcp:opsi,1,1,1078,1078
eth:ethertype:ip:tcp:openvpn,9,5,8586,4770
eth:ethertype:ip:tcp:openflow,1,0,1078,0
eth:ethertype:ip:tcp:omapi,43,27,35335,22907
eth:ethertype:ip:tcp:ntp,44,26,31637,18460
eth:ethertype:ip:tcp:nntp,40,19,34154,16776
eth:ethertype:ip:tcp:netsync,20,8,18396,7616
eth:ethertype:ip:tcp:ndps,61,31,58318,29698
eth:ethertype:ip:tcp:ncp,28,18,25096,16100
eth:ethertype:ip:tcp:nbss:smb,2089,459,312882,59026
eth:ethertype:ip:tcp:nbss,89,40,67759,28249
eth:ethertype:ip:tcp:nano,36,17,29906,14578
eth:ethertype:ip:tcp:mysql,9,3,8586,2862
eth:ethertype:ip:tcp:msnms,58,29,48114,24147
eth:ethertype:ip:tcp:msdp,46,28,40590,24066
eth:ethertype:ip:tcp:mqtt,18,6,16116,4948
eth:ethertype:ip:tcp:mptcp:data,2,1,1132,566
eth:ethertype:ip:tcp:mptcp,128227,64349,10903274,5471958
eth:ethertype:ip:tcp:mikey,44,22,36666,16642
eth:ethertype:ip:tcp:mih,27,13,24818,13006
eth:ethertype:ip:tcp:memcache,40,22,33609,17820
eth:ethertype:ip:tcp:megaco:data,28,13,25576,11966
eth:ethertype:ip:tcp:megaco,13,5,12402,4770
eth:ethertype:ip:tcp:lpd:data,17,10,15848,9796
eth:ethertype:ip:tcp:lpd,15,5,14310,4770
eth:ethertype:ip:tcp:laplink,12,4,11448,3816
eth:ethertype:ip:tcp:kt,2,1,1132,566
eth:ethertype:ip:tcp:kpasswd,11,9,10494,8586
eth:ethertype:ip:tcp:knet,5,3,3854,2722
eth:ethertype:ip:tcp:kismet:data,8,3,746,280
eth:ethertype:ip:tcp:kip,1,1,1078,1078
eth:ethertype:ip:tcp:kerberos,13,8,12402,7632
eth:ethertype:ip:tcp:kdsp,15,5,14310,4770
eth:ethertype:ip:tcp:kafka,6,5,5724,4770
eth:ethertype:ip:tcp:isakmp,21,10,19566,10268
eth:ethertype:ip:tcp:irc,83,41,76809,37365
eth:ethertype:ip:tcp:ipsictl,41,21,36814,18822
eth:ethertype:ip:tcp:ipdc:q931,6,4,5956,3800
eth:ethertype:ip:tcp:ipdc,23,11,23166,10850
eth:ethertype:ip:tcp:imap:tls,43,24,36244,19716
eth:ethertype:ip:tcp:imap:data,1,1,1078,1078
eth:ethertype:ip:tcp:imap,3,2,277,184
eth:ethertype:ip:tcp:ilp,1,1,1078,1078
eth:ethertype:ip:tcp:iec60870_104:iec60870_asdu:iec60870_asdu:iec60870_asdu,3,0,3234,0
eth:ethertype:ip:tcp:iec60870_104:iec60870_asdu:iec60870_asdu,4,2,4312,2156
eth:ethertype:ip:tcp:iec60870_104:iec60870_asdu,6,2,5444,1644
eth:ethertype:ip:tcp:iec60870_104,17,9,14844,8058
eth:ethertype:ip:tcp:idmp,11,3,10494,2862
eth:ethertype:ip:tcp:icap:http:data,5,1,4878,1078
eth:ethertype:ip:tcp:icap,26,14,25112,13556
eth:ethertype:ip:tcp:hzlcst,7,3,6678,2862
eth:ethertype:ip:tcp:http:xml,2,0,1082,0
eth:ethertype:ip:tcp:http:ipp,3,2,3234,2156
eth:ethertype:ip:tcp:http:data-text-lines,4,2,5684,2842
eth:ethertype:ip:tcp:http:data,142,71,127981,64667
eth:ethertype:ip:tcp:http,778675,395897,97128361,49152566
eth:ethertype:ip:tcp:hl7:data,1,0,1078,0
eth:ethertype:ip:tcp:hislip,16,12,15264,11448
eth:ethertype:ip:tcp:h501,31,15,28796,13664
eth:ethertype:ip:tcp:h248,40,20,32719,16060
eth:ethertype:ip:tcp:h1:data,1,0,1078,0
eth:ethertype:ip:tcp:gtpprime,5,3,4878,2722
eth:ethertype:ip:tcp:gtp:gtpv2,14,10,11623,8298
eth:ethertype:ip:tcp:gtp,6,4,4932,3800
eth:ethertype:ip:tcp:gsm_ipa:sccp,1,1,566,566
eth:ethertype:ip:tcp:gsm_ipa:gsm_abis_rsl:gsm_cbch:data,1,1,1078,1078
eth:ethertype:ip:tcp:gsm_ipa:gsm_abis_rsl,79,43,74774,40462
eth:ethertype:ip:tcp:gsm_ipa:gsm_abis_oml,2,1,2156,1078
eth:ethertype:ip:tcp:gsm_ipa:data,1,1,566,566
eth:ethertype:ip:tcp:gsm_ipa,2,1,1644,1078
eth:ethertype:ip:tcp:gryphon,14,8,13356,7632
eth:ethertype:ip:tcp:gopher,34,23,33488,23026
eth:ethertype:ip:tcp:gnutella,31,13,27570,12882
eth:ethertype:ip:tcp:git,1,0,1078,0
eth:ethertype:ip:tcp:gift,37,19,31234,15872
eth:ethertype:ip:tcp:gearman,43,23,40258,22002
eth:ethertype:ip:tcp:gdsdb,9,2,8586,1908
eth:ethertype:ip:tcp:gadu-gadu,11,6,10494,5724
eth:ethertype:ip:tcp:ftp-data,30,15,28804,14402
eth:ethertype:ip:tcp:ftp,49,27,33030,18644
eth:ethertype:ip:tcp:exec,28,18,26508,17388
eth:ethertype:ip:tcp:enip,10,4,9540,3816
eth:ethertype:ip:tcp:elcom,22,6,16585,3945
eth:ethertype:ip:tcp:elasticsearch,36,20,34020,18292
eth:ethertype:ip:tcp:ecmp,31,15,28842,13750
eth:ethertype:ip:tcp:echo,57,30,42007,20652
eth:ethertype:ip:tcp:ecatf:tc_nv,3,1,1739,566
eth:ethertype:ip:tcp:ecatf:ioraw,3,3,3234,3234
eth:ethertype:ip:tcp:ecatf:ecat_mailbox,1,0,1078,0
eth:ethertype:ip:tcp:ecatf:ecat,1,0,1078,0
eth:ethertype:ip:tcp:ecatf:data,28,14,23566,11018
eth:ethertype:ip:tcp:dtps,11,5,10494,4770
eth:ethertype:ip:tcp:dsi:data,49,27,44430,24530
eth:ethertype:ip:tcp:dsi:afp:data,1,1,1078,1078
eth:ethertype:ip:tcp:dpp,11,6,10494,5724
eth:ethertype:ip:tcp:doip,39,22,34922,19140
eth:ethertype:ip:tcp:dof,16,7,15000,6290
eth:ethertype:ip:tcp:dns,21,10,20158,9664
eth:ethertype:ip:tcp:dlm3,3,1,3234,1078
eth:ethertype:ip:tcp:dlep,42,22,41600,22444
eth:ethertype:ip:tcp:distcc,33,18,32022,17884
eth:ethertype:ip:tcp:diameter:data,31,15,31386,15534
eth:ethertype:ip:tcp:dhcpv6.bulk_leasequery,10,4,9540,3816
eth:ethertype:ip:tcp:db-lsp,34,18,32464,16860
eth:ethertype:ip:tcp:daytime,37,15,25104,8280
eth:ethertype:ip:tcp:data,1194969,598105,1105813173,553178787
eth:ethertype:ip:tcp:cvspserver,43,20,38791,18682
eth:ethertype:ip:tcp:coap,38,22,30795,17088
eth:ethertype:ip:tcp:chargen,41,24,27611,17041
eth:ethertype:ip:tcp:cflow,43,18,34367,14379
eth:ethertype:ip:tcp:cbsp,46,25,41198,23410
eth:ethertype:ip:tcp:c1222,19,10,17070,9524
eth:ethertype:ip:tcp:bittorrent,407,198,309869,158159
eth:ethertype:ip:tcp:bgp,44,21,32536,15605
eth:ethertype:ip:tcp:beep,28,11,25112,9702
eth:ethertype:ip:tcp:ax4000,46,23,42998,21818
eth:ethertype:ip:tcp:atmtcp:data,34,17,28104,14246
eth:ethertype:ip:tcp:asap,50,26,40463,21466
eth:ethertype:ip:tcp:artemis,10,5,9540,4770
eth:ethertype:ip:tcp:ardp,25,13,22654,12122
eth:ethertype:ip:tcp:ancp,12,3,11448,2862
eth:ethertype:ip:tcp:ams,31,16,29758,15232
eth:ethertype:ip:tcp:ajp13,11,5,10618,4770
eth:ethertype:ip:tcp:ajns,38,18,34744,16612
eth:ethertype:ip:tcp:agentx,9,4,8586,3816
eth:ethertype:ip:tcp:acdr:data,11,4,10494,3816
eth:ethertype:ip:tcp:acdr,32,19,23467,14969
eth:ethertype:ip:tcp:acap,12,4,10888,3288
eth:ethertype:ip:tcp,2135314927,1067902677,130169806364,65101683819
eth:ethertype:ip:nhrp,1,0,66,0
eth:ethertype:ip:ipv6:udp:dns,173,66,28571,10887
eth:ethertype:ip:ipv6:icmpv6:data,11046,5529,1065378,533232
eth:ethertype:ip:ip:udp:data,44,20,3824,1736
eth:ethertype:ip:ip:tcp:data,2,0,200,0
eth:ethertype:ip:ip:tcp,407,204,40652,20376
eth:ethertype:ip:ip:icmp:data,8189,4091,802522,400918
eth:ethertype:ip:ip,5,0,300,0
eth:ethertype:ip:igmp:igmp,106,33,6360,1980
eth:ethertype:ip:icmp:ip:xtp,3,0,880,0
eth:ethertype:ip:icmp:ip:vrrp,11,4,2006,549
eth:ethertype:ip:icmp:ip:vines_frp:vines_ip:data,1,1,162,162
eth:ethertype:ip:icmp:ip:vines_frp:vines_ip,1,1,162,162
eth:ethertype:ip:icmp:ip:udp:xyplex,3,1,231,80
eth:ethertype:ip:icmp:ip:udp:xdmcp,1,1,77,77
eth:ethertype:ip:icmp:ip:udp:wtp,1,1,72,72
eth:ethertype:ip:icmp:ip:udp:wtls,20,13,4439,3517
eth:ethertype:ip:icmp:ip:udp:wsp,2,2,533,533
eth:ethertype:ip:icmp:ip:udp:wlccp,12,1,2815,79
eth:ethertype:ip:icmp:ip:udp:wisun.eapol_relay,2,1,152,80
eth:ethertype:ip:icmp:ip:udp:who,3,2,286,160
eth:ethertype:ip:icmp:ip:udp:vxlan,2,2,152,152
eth:ethertype:ip:icmp:ip:udp:vuze-dht,15,1,3968,590
eth:ethertype:ip:icmp:ip:udp:vrt,2,0,238,0
eth:ethertype:ip:icmp:ip:udp:ulp,3,2,224,152
eth:ethertype:ip:icmp:ip:udp:udpencap:esp,14,4,3456,791
eth:ethertype:ip:icmp:ip:udp:uaudp,8,8,2132,2132
eth:ethertype:ip:icmp:ip:udp:tzsp,2,2,533,533
eth:ethertype:ip:icmp:ip:udp:tsp,2,0,152,0
eth:ethertype:ip:icmp:ip:udp:ts2,1,0,79,0
eth:ethertype:ip:icmp:ip:udp:tplink-smarthome:json:data-text-lines,3,0,627,0
eth:ethertype:ip:icmp:ip:udp:tpcp,1,1,433,433
eth:ethertype:ip:icmp:ip:udp:tipc:data,1,1,433,433
eth:ethertype:ip:icmp:ip:udp:thrift,2,1,533,100
eth:ethertype:ip:icmp:ip:udp:tacacs,3,0,238,0
eth:ethertype:ip:icmp:ip:udp:syslog,1,0,108,0
eth:ethertype:ip:icmp:ip:udp:ssdp,5,0,1215,0
eth:ethertype:ip:icmp:ip:udp:srvloc,84,35,27095,11375
eth:ethertype:ip:icmp:ip:udp:snmp,7,3,910,390
eth:ethertype:ip:icmp:ip:udp:slimp3,1,1,72,72
eth:ethertype:ip:icmp:ip:udp:sigcomp,24,8,11076,3288
eth:ethertype:ip:icmp:ip:udp:sctp,1,1,94,94
eth:ethertype:ip:icmp:ip:udp:scop:data,2,0,533,0
eth:ethertype:ip:icmp:ip:udp:sap,4,3,303,232
eth:ethertype:ip:icmp:ip:udp:rx,1,1,134,134
eth:ethertype:ip:icmp:ip:udp:rtcp,78,44,10265,4336
eth:ethertype:ip:icmp:ip:udp:rsvp,4,3,690,612
eth:ethertype:ip:icmp:ip:udp:rsip,3,1,605,72
eth:ethertype:ip:icmp:ip:udp:rpc,7,2,1108,245
eth:ethertype:ip:icmp:ip:udp:ripng,8,0,2132,0
eth:ethertype:ip:icmp:ip:udp:rip,9,7,1881,1693
eth:ethertype:ip:icmp:ip:udp:rdt,1,1,96,96
eth:ethertype:ip:icmp:ip:udp:rdpudp:tls,1,1,99,99
eth:ethertype:ip:icmp:ip:udp:rdpudp,20,9,2519,1404
eth:ethertype:ip:icmp:ip:udp:raknet:raknet:raknet,181,81,20764,9800
eth:ethertype:ip:icmp:ip:udp:raknet:raknet,16,10,4241,2226
eth:ethertype:ip:icmp:ip:udp:raknet,34,17,5110,2693
eth:ethertype:ip:icmp:ip:udp:quic,1,1,590,590
eth:ethertype:ip:icmp:ip:udp:quake:data,4,4,1066,1066
eth:ethertype:ip:icmp:ip:udp:quake3:data,19,17,4738,4069
eth:ethertype:ip:icmp:ip:udp:quake3,1,0,71,0
eth:ethertype:ip:icmp:ip:udp:quake2,2,2,533,533
eth:ethertype:ip:icmp:ip:udp:pn_rt:pn_io,1,1,78,78
eth:ethertype:ip:icmp:ip:udp:pktc,5,1,1145,79
eth:ethertype:ip:icmp:ip:udp:pfcp,3,0,613,0
eth:ethertype:ip:icmp:ip:udp:packetbb,2,2,156,156
eth:ethertype:ip:icmp:ip:udp:openvpn,8,2,1584,260
eth:ethertype:ip:icmp:ip:udp:nxp_802154_sniffer:wpan:data,8,2,2132,533
eth:ethertype:ip:icmp:ip:udp:ntp,33,16,4550,1961
eth:ethertype:ip:icmp:ip:udp:ncp,1,0,104,0
eth:ethertype:ip:icmp:ip:udp:nbns,2,0,160,0
eth:ethertype:ip:icmp:ip:udp:nbdgm,18,12,1546,1008
eth:ethertype:ip:icmp:ip:udp:msproxy,1,0,433,0
eth:ethertype:ip:icmp:ip:udp:msmms,5,0,1145,0
eth:ethertype:ip:icmp:ip:udp:mint,7,2,1149,258
eth:ethertype:ip:icmp:ip:udp:mikey,2,1,159,80
eth:ethertype:ip:icmp:ip:udp:mih,2,2,152,152
eth:ethertype:ip:icmp:ip:udp:memcache,1,0,71,0
eth:ethertype:ip:icmp:ip:udp:megaco:data,4,2,1066,533
eth:ethertype:ip:icmp:ip:udp:mdns,4,1,457,108
eth:ethertype:ip:icmp:ip:udp:lwapp:wlan:data,1,1,79,79
eth:ethertype:ip:icmp:ip:udp:lwapp,1,0,79,0
eth:ethertype:ip:icmp:ip:udp:llmnr,1,1,79,79
eth:ethertype:ip:icmp:ip:udp:llc:data,9,5,1466,771
eth:ethertype:ip:icmp:ip:udp:llc,2,0,144,0
eth:ethertype:ip:icmp:ip:udp:lisp-data:ip,1,0,80,0
eth:ethertype:ip:icmp:ip:udp:l2tp:ppp:data,11,7,1100,700
eth:ethertype:ip:icmp:ip:udp:knet,10,8,1904,1754
eth:ethertype:ip:icmp:ip:udp:kip,3,2,240,160
eth:ethertype:ip:icmp:ip:udp:kink,2,2,533,533
eth:ethertype:ip:icmp:ip:udp:isakmp,1,0,102,0
eth:ethertype:ip:icmp:ip:udp:infiniband,2,1,158,79
eth:ethertype:ip:icmp:ip:udp:ieee1722:data,4,2,1066,533
eth:ethertype:ip:icmp:ip:udp:idn,7,3,1679,613
eth:ethertype:ip:icmp:ip:udp:icp,4,2,1066,533
eth:ethertype:ip:icmp:ip:udp:iapp,1,1,72,72
eth:ethertype:ip:icmp:ip:udp:h501,3,0,604,0
eth:ethertype:ip:icmp:ip:udp:h248,6,1,1218,80
eth:ethertype:ip:icmp:ip:udp:h225:data,1,1,433,433
eth:ethertype:ip:icmp:ip:udp:h225,2,1,179,100
eth:ethertype:ip:icmp:ip:udp:gtp:gtpv2,8,7,800,700
eth:ethertype:ip:icmp:ip:udp:gsmtap:data,2,0,258,0
eth:ethertype:ip:icmp:ip:udp:gprs-ns,73,36,8055,4231
eth:ethertype:ip:icmp:ip:udp:goose:cotp,2,0,718,0
eth:ethertype:ip:icmp:ip:udp:geneve,3,2,213,142
eth:ethertype:ip:icmp:ip:udp:find,3,1,230,79
eth:ethertype:ip:icmp:ip:udp:eth:llc:data,12,2,3198,533
eth:ethertype:ip:icmp:ip:udp:enrp,1,0,72,0
eth:ethertype:ip:icmp:ip:udp:elasticsearch,4,4,1066,1066
eth:ethertype:ip:icmp:ip:udp:echo,3,0,282,0
eth:ethertype:ip:icmp:ip:udp:dvb_ipdc:data,4,2,501,243
eth:ethertype:ip:icmp:ip:udp:dtls,11,6,1631,1204
eth:ethertype:ip:icmp:ip:udp:dpnet,8,4,1102,418
eth:ethertype:ip:icmp:ip:udp:dof,2,2,159,159
eth:ethertype:ip:icmp:ip:udp:dns,781,373,99622,46503
eth:ethertype:ip:icmp:ip:udp:dmp,3,1,612,79
eth:ethertype:ip:icmp:ip:udp:dis,31,13,8585,3788
eth:ethertype:ip:icmp:ip:udp:dhcpv6,2,1,169,97
eth:ethertype:ip:icmp:ip:udp:dcc,4,2,1066,533
eth:ethertype:ip:icmp:ip:udp:daytime,1,1,80,80
eth:ethertype:ip:icmp:ip:udp:data,219374,109287,27277984,13567019
eth:ethertype:ip:icmp:ip:udp:cups,1,0,79,0
eth:ethertype:ip:icmp:ip:udp:corosync_totemnet:data,5,1,1137,71
eth:ethertype:ip:icmp:ip:udp:coap:cbor,2,1,166,83
eth:ethertype:ip:icmp:ip:udp:cnip:data,4,4,1457,1457
eth:ethertype:ip:icmp:ip:udp:cnip,13,12,2370,2257
eth:ethertype:ip:icmp:ip:udp:cldap,1,1,129,129
eth:ethertype:ip:icmp:ip:udp:cipio,6,1,1040,134
eth:ethertype:ip:icmp:ip:udp:chargen,1,1,80,80
eth:ethertype:ip:icmp:ip:udp:capwap.data,3,1,222,71
eth:ethertype:ip:icmp:ip:udp:c1222,14,8,3456,1857
eth:ethertype:ip:icmp:ip:udp:bjnp,8,2,673,151
eth:ethertype:ip:icmp:ip:udp:bfd_echo,2,0,144,0
eth:ethertype:ip:icmp:ip:udp:bfd,13,2,3298,533
eth:ethertype:ip:icmp:ip:udp:bat.vis:data,7,2,1031,160
eth:ethertype:ip:icmp:ip:udp:bat.gw:ip,1,1,433,433
eth:ethertype:ip:icmp:ip:udp:bat.gw:data,1,1,100,100
eth:ethertype:ip:icmp:ip:udp:bat:data,19,10,5136,2000
eth:ethertype:ip:icmp:ip:udp:ayiya,6,1,914,120
eth:ethertype:ip:icmp:ip:udp:ax4000,4,1,295,72
eth:ethertype:ip:icmp:ip:udp:ath,2,2,533,533
eth:ethertype:ip:icmp:ip:udp:amt:ip,1,0,84,0
eth:ethertype:ip:icmp:ip:udp:amt,1,1,108,108
eth:ethertype:ip:icmp:ip:udp:ajns,1,1,81,81
eth:ethertype:ip:icmp:ip:udp:acdr,3,2,230,151
eth:ethertype:ip:icmp:ip:udp:a21,9,0,2290,0
eth:ethertype:ip:icmp:ip:udp,85717,42802,15011756,7421240
eth:ethertype:ip:icmp:ip:tcp:x11,42,23,8393,4663
eth:ethertype:ip:icmp:ip:tcp:wow,2,2,416,416
eth:ethertype:ip:icmp:ip:tcp:whois,2,1,422,312
eth:ethertype:ip:icmp:ip:tcp:vnc,1,0,182,0
eth:ethertype:ip:icmp:ip:tcp:vicp,1,0,182,0
eth:ethertype:ip:icmp:ip:tcp:tpm,2,1,364,182
eth:ethertype:ip:icmp:ip:tcp:tls,19908,9987,4169228,2098966
eth:ethertype:ip:icmp:ip:tcp:time,2,0,427,0
eth:ethertype:ip:icmp:ip:tcp:tibia,16,11,3678,2397
eth:ethertype:ip:icmp:ip:tcp:telnet,7,4,842,512
eth:ethertype:ip:icmp:ip:tcp:tds,1,0,206,0
eth:ethertype:ip:icmp:ip:tcp:stun,8,2,2240,505
eth:ethertype:ip:icmp:ip:tcp:ssh,3177,1584,524126,258294
eth:ethertype:ip:icmp:ip:tcp:srvloc,1,1,200,200
eth:ethertype:ip:icmp:ip:tcp:socks,4,4,1552,1552
eth:ethertype:ip:icmp:ip:tcp:snmp,4,1,745,199
eth:ethertype:ip:icmp:ip:tcp:smtp:data-text-lines,39,18,8821,4278
eth:ethertype:ip:icmp:ip:tcp:slsk,1,1,186,186
eth:ethertype:ip:icmp:ip:tcp:sametime,7,7,770,770
eth:ethertype:ip:icmp:ip:tcp:rpc,5,0,694,0
eth:ethertype:ip:icmp:ip:tcp:r3,2,1,296,110
eth:ethertype:ip:icmp:ip:tcp:pptp:data,5,5,550,550
eth:ethertype:ip:icmp:ip:tcp:pcp,1,0,186,0
eth:ethertype:ip:icmp:ip:tcp:openvpn,342,161,84641,39468
eth:ethertype:ip:icmp:ip:tcp:openflow,2,1,509,201
eth:ethertype:ip:icmp:ip:tcp:ndps,1,0,182,0
eth:ethertype:ip:icmp:ip:tcp:nbss,3,2,330,220
eth:ethertype:ip:icmp:ip:tcp:mysql,114,52,20372,9341
eth:ethertype:ip:icmp:ip:tcp:lpd:data,1,0,124,0
eth:ethertype:ip:icmp:ip:tcp:lisp-tcp,1,0,376,0
eth:ethertype:ip:icmp:ip:tcp:lbmsrs,9,6,862,564
eth:ethertype:ip:icmp:ip:tcp:knet,2,0,273,0
eth:ethertype:ip:icmp:ip:tcp:kip,4,2,512,220
eth:ethertype:ip:icmp:ip:tcp:kerberos,6,5,1079,969
eth:ethertype:ip:icmp:ip:tcp:isakmp,11,5,1874,842
eth:ethertype:ip:icmp:ip:tcp:irc,39,20,4290,2200
eth:ethertype:ip:icmp:ip:tcp:http:data-text-lines,1,0,217,0
eth:ethertype:ip:icmp:ip:tcp:http:data,2,0,908,0
eth:ethertype:ip:icmp:ip:tcp:http,2,1,996,498
eth:ethertype:ip:icmp:ip:tcp:hiqnet,1,1,186,186
eth:ethertype:ip:icmp:ip:tcp:hart_ip,1,1,186,186
eth:ethertype:ip:icmp:ip:tcp:gtpprime,1,1,359,359
eth:ethertype:ip:icmp:ip:tcp:gsm_ipa:gsm_abis_rsl,16,8,2668,1168
eth:ethertype:ip:icmp:ip:tcp:gryphon,41,24,5878,3432
eth:ethertype:ip:icmp:ip:tcp:ftp-data,2,1,220,110
eth:ethertype:ip:icmp:ip:tcp:ftp,66,36,11699,7018
eth:ethertype:ip:icmp:ip:tcp:elasticsearch,47,25,9346,5062
eth:ethertype:ip:icmp:ip:tcp:dpp,1,1,186,186
eth:ethertype:ip:icmp:ip:tcp:dns,300,144,55049,25990
eth:ethertype:ip:icmp:ip:tcp:diameter:data,1,0,386,0
eth:ethertype:ip:icmp:ip:tcp:daytime,5,1,1198,270
eth:ethertype:ip:icmp:ip:tcp:data,395,199,81675,39758
eth:ethertype:ip:icmp:ip:tcp:cops,1,0,182,0
eth:ethertype:ip:icmp:ip:tcp:cbsp,1,0,182,0
eth:ethertype:ip:icmp:ip:tcp:bittorrent,4,4,752,752
eth:ethertype:ip:icmp:ip:tcp:bgp,1,1,182,182
eth:ethertype:ip:icmp:ip:tcp:ancp,3,0,1269,0
eth:ethertype:ip:icmp:ip:tcp:agentx,1,1,186,186
eth:ethertype:ip:icmp:ip:tcp:9p,1,1,173,173
eth:ethertype:ip:icmp:ip:tcp,69243,34602,7071828,3511613
eth:ethertype:ip:icmp:ip:shim6,1,1,127,127
eth:ethertype:ip:icmp:ip:sctp,5,2,851,491
eth:ethertype:ip:icmp:ip:rsvp,1,0,162,0
eth:ethertype:ip:icmp:ip:pim,1,0,590,0
eth:ethertype:ip:icmp:ip:pgm,1,0,484,0
eth:ethertype:ip:icmp:ip:ospf,14,7,3716,1230
eth:ethertype:ip:icmp:ip:osi:data,3,1,393,69
eth:ethertype:ip:icmp:ip:osi:clnp:data,1,0,327,0
eth:ethertype:ip:icmp:ip:osi:clnp,1,1,63,63
eth:ethertype:ip:icmp:ip:mpls,2,0,271,0
eth:ethertype:ip:icmp:ip:mipv6,3,2,1271,681
eth:ethertype:ip:icmp:ip:lwl4,2,1,321,159
eth:ethertype:ip:icmp:ip:l2tp,1,0,118,0
eth:ethertype:ip:icmp:ip:ipv6.routing:ipv6.hopopts:ipv6.hopopts:ipv6.hopopts:ipv6.hopopts:ipv6.hopopts:ipv6.hopopts:ipv6.hopopts:ipv6.hopopts:ipv6.hopopts:ipv6.hopopts:ipv6.hopopts:ipv6.hopopts:ipv6.hopopts:ipv6.hopopts:ipv6.hopopts:ipv6.hopopts:ipv6.hopopts:ipv6.hopopts:ipv6.hopopts:ipv6.hopopts:ipv6.hopopts:ipv6.hopopts:ipv6.hopopts:ipv6.hopopts:ipv6.hopopts:ipv6.hopopts:ipv6.hopopts:ipv6.hopopts:ipv6.hopopts:ipv6.hopopts:ipv6.hopopts:ipv6.hopopts:ipv6.hopopts:ipv6.hopopts:ipv6.hopopts:ipv6.hopopts:ipv6.hopopts:ipv6.hopopts:ipv6.hopopts,1,0,380,0
eth:ethertype:ip:icmp:ip:ipv6.routing,5,1,431,63
eth:ethertype:ip:icmp:ip:ipv6.hopopts,78,55,5956,4254
eth:ethertype:ip:icmp:ip:ipv6.fraghdr:ipv6.hopopts:ipv6.hopopts:ipv6.hopopts:ipv6.hopopts:ipv6.hopopts:ipv6.hopopts:ipv6.hopopts:ipv6.hopopts:ipv6.hopopts:ipv6.hopopts:ipv6.hopopts:ipv6.hopopts,1,0,162,0
eth:ethertype:ip:icmp:ip:ipv6.fraghdr:ipv6.hopopts:ipv6.hopopts:ipv6.hopopts:ipv6.hopopts:ipv6.hopopts:ipv6.hopopts:ipv6.hopopts:ipv6.hopopts:ipv6.hopopts,1,0,141,0
eth:ethertype:ip:icmp:ip:ipv6.fraghdr:ipv6.hopopts:ipv6.hopopts,1,0,84,0
eth:ethertype:ip:icmp:ip:ipv6.fraghdr:ipv6.hopopts:icmp,1,1,234,234
eth:ethertype:ip:icmp:ip:ipv6.fraghdr:data,1,0,128,0
eth:ethertype:ip:icmp:ip:ipv6.dstopts:ipv6.hopopts:ipv6.hopopts:ipv6.hopopts:ipv6.hopopts:ipv6.hopopts:ipv6.hopopts:ipv6.hopopts:ipv6.hopopts:ipv6.hopopts:ipv6.hopopts:ipv6.hopopts:ipv6.hopopts:ipv6.hopopts:ipv6.hopopts:ipv6.hopopts:ipv6.hopopts:ipv6.hopopts:ipv6.hopopts:ipv6.hopopts:ipv6.hopopts:ipv6.hopopts:ipv6.hopopts:ipv6.hopopts:ipv6.hopopts:ipv6.hopopts:ipv6.hopopts:ipv6.hopopts:ipv6.hopopts:ipv6.hopopts:ipv6.hopopts:ipv6.hopopts:ipv6.hopopts:ipv6.hopopts:ipv6.hopopts:ipv6.hopopts:ipv6.hopopts:ipv6.hopopts:ipv6.hopopts:ipv6.hopopts:ipv6.hopopts:ipv6.hopopts:ipv6.hopopts:ipv6.hopopts:ipv6.hopopts:ipv6.hopopts:ipv6.hopopts:ipv6.hopopts:ipv6.hopopts:ipv6.hopopts:ipv6.hopopts:ipv6.hopopts:ipv6.hopopts:ipv6.hopopts:ipv6.hopopts:ipv6.hopopts:ipv6.hopopts:ipv6.hopopts:ipv6.hopopts:ipv6.hopopts:ipv6.hopopts:ipv6.hopopts:ipv6.hopopts:ipv6.hopopts:ipv6.hopopts:ipv6.hopopts,1,0,590,0
eth:ethertype:ip:icmp:ip:ipv6.dstopts:ipv6.hopopts:ipv6.hopopts:ipv6.hopopts:ipv6.hopopts:ipv6.hopopts:ipv6.hopopts:ipv6.hopopts:ipv6.hopopts:ipv6.hopopts:ipv6.hopopts:ipv6.hopopts:ipv6.hopopts,1,0,162,0
eth:ethertype:ip:icmp:ip:ipv6.dstopts:ipv6.hopopts:ipv6.hopopts:ipv6.hopopts:ipv6.hopopts:ipv6.hopopts:ipv6.hopopts,1,0,118,0
eth:ethertype:ip:icmp:ip:ipv6:data,4,2,432,200
eth:ethertype:ip:icmp:ip:ipv6,1,0,74,0
eth:ethertype:ip:icmp:ip:ip:udp:rtcp,2,1,1180,590
eth:ethertype:ip:icmp:ip:ip:udp:dns,4,2,2360,1180
eth:ethertype:ip:icmp:ip:ip:udp:data,66,31,37058,17300
eth:ethertype:ip:icmp:ip:ipcomp:data,4,2,1024,272
eth:ethertype:ip:icmp:ip:ip,18,11,1300,810
eth:ethertype:ip:icmp:ip:igrp,36,12,2614,869
eth:ethertype:ip:icmp:ip:igmp:igmp,10,6,1004,620
eth:ethertype:ip:icmp:ip:icmpv6:data,1,0,162,0
eth:ethertype:ip:icmp:ip:icmpv6,15,8,2234,1040
eth:ethertype:ip:icmp:ip:icmp:data,1,1,162,162
eth:ethertype:ip:icmp:ip:icmp,85145,42446,8691714,4333990
eth:ethertype:ip:icmp:ip:hip,1,0,136,0
eth:ethertype:ip:icmp:ip:gre:ip:udp:dns,11,3,6490,1770
eth:ethertype:ip:icmp:ip:gre:ip,1,0,70,0
eth:ethertype:ip:icmp:ip:gre:data,177,98,15130,8572
eth:ethertype:ip:icmp:ip:gre,339,164,28401,13940
eth:ethertype:ip:icmp:ip:eth:ethertype:data,2,0,822,0
eth:ethertype:ip:icmp:ip:etherip:eth:ethertype:data,3,0,467,0
eth:ethertype:ip:icmp:ip:esp,2384,1188,290855,147043
eth:ethertype:ip:icmp:ip:eigrp,2,1,324,162
eth:ethertype:ip:icmp:ip:dsr:ipv6.hopopts:ipv6.hopopts:ipv6.hopopts:ipv6.hopopts:ipv6.hopopts:ipv6.hopopts:ipv6.hopopts:ipv6.hopopts:ipv6.hopopts:ipv6.hopopts:ipv6.hopopts:ipv6.hopopts:ipv6.hopopts:ipv6.hopopts:ipv6.hopopts:ipv6.hopopts:ipv6.hopopts:ipv6.hopopts:ipv6.hopopts:ipv6.hopopts:ipv6.hopopts:ipv6.hopopts:ipv6.hopopts:ipv6.hopopts:ipv6.hopopts:ipv6.hopopts:ipv6.hopopts:ipv6.hopopts:ipv6.hopopts:ipv6.hopopts:ipv6.hopopts:ipv6.hopopts:ipv6.hopopts,1,0,326,0
eth:ethertype:ip:icmp:ip:dsr:ipv6.hopopts:ipv6.hopopts:ipv6.hopopts:ipv6.hopopts,1,0,96,0
eth:ethertype:ip:icmp:ip:data,1154,217,119514,33174
eth:ethertype:ip:icmp:ip:ax25,3,1,326,63
eth:ethertype:ip:icmp:ip:ah:ipv6.hopopts:ipv6.hopopts:ipv6.hopopts:ipv6.hopopts:ipv6.hopopts:ipv6.hopopts:ipv6.hopopts:ipv6.hopopts:ipv6.hopopts:ipv6.hopopts:ipv6.hopopts:ipv6.hopopts,1,1,162,162
eth:ethertype:ip:icmp:ip:ah,3,1,323,77
eth:ethertype:ip:icmp:ip,214,76,19250,7602
eth:ethertype:ip:icmp:hipercontracer,41,18,4018,1764
eth:ethertype:ip:icmp:data,16299429,8389589,1139289075,593051641
eth:ethertype:ip:icmp,1294107,630526,77646950,37832090
eth:ethertype:ip:gre:ip:udp:xyplex,7,2,4046,1156
eth:ethertype:ip:gre:ip:udp:wtp,2,1,1156,578
eth:ethertype:ip:gre:ip:udp:wtls,9,5,5202,2890
eth:ethertype:ip:gre:ip:udp:wsp,8,3,4624,1734
eth:ethertype:ip:gre:ip:udp:wlccp,5,4,2890,2312
eth:ethertype:ip:gre:ip:udp:wisun.eapol_relay:eapol:data,3,1,1734,578
eth:ethertype:ip:gre:ip:udp:who,4,1,2312,578
eth:ethertype:ip:gre:ip:udp:vxlan:eth:ethertype:data,7,5,4046,2890
eth:ethertype:ip:gre:ip:udp:vuze-dht,1,0,578,0
eth:ethertype:ip:gre:ip:udp:vrt,6,3,3468,1734
eth:ethertype:ip:gre:ip:udp:ulp,2,2,1156,1156
eth:ethertype:ip:gre:ip:udp:udpencap:esp,6,2,3468,1156
eth:ethertype:ip:gre:ip:udp:uaudp,10,5,5780,2890
eth:ethertype:ip:gre:ip:udp:tzsp,7,6,4046,3468
eth:ethertype:ip:gre:ip:udp:tsp,7,3,4046,1734
eth:ethertype:ip:gre:ip:udp:ts2,4,3,2312,1734
eth:ethertype:ip:gre:ip:udp:tplink-smarthome:json:data-text-lines,5,3,2890,1734
eth:ethertype:ip:gre:ip:udp:tipc,4,2,2312,1156
eth:ethertype:ip:gre:ip:udp:time,7,5,4046,2890
eth:ethertype:ip:gre:ip:udp:thrift,10,6,5780,3468
eth:ethertype:ip:gre:ip:udp:tetra,7,3,4046,1734
eth:ethertype:ip:gre:ip:udp:teredo:data,6,2,3468,1156
eth:ethertype:ip:gre:ip:udp:tacacs,6,4,3468,2312
eth:ethertype:ip:gre:ip:udp:syslog,7,4,4046,2312
eth:ethertype:ip:gre:ip:udp:ssdp:data,1,1,578,578
eth:ethertype:ip:gre:ip:udp:srvloc,7,4,4046,2312
eth:ethertype:ip:gre:ip:udp:sigcomp,2,1,1156,578
eth:ethertype:ip:gre:ip:udp:sctp,5,3,2890,1734
eth:ethertype:ip:gre:ip:udp:scop:data,4,2,2312,1156
eth:ethertype:ip:gre:ip:udp:sap,5,4,2890,2312
eth:ethertype:ip:gre:ip:udp:sabp,5,4,2890,2312
eth:ethertype:ip:gre:ip:udp:rx,2,2,1156,1156
eth:ethertype:ip:gre:ip:udp:rtpproxy,3,1,1734,578
eth:ethertype:ip:gre:ip:udp:rtcp,731,356,423030,206280
eth:ethertype:ip:gre:ip:udp:rsvp,2,0,1156,0
eth:ethertype:ip:gre:ip:udp:rsp,4,2,2312,1156
eth:ethertype:ip:gre:ip:udp:rsip,5,2,2890,1156
eth:ethertype:ip:gre:ip:udp:rpc,3,2,1734,1156
eth:ethertype:ip:gre:ip:udp:rmcp,2,1,1156,578
eth:ethertype:ip:gre:ip:udp:ripng,5,2,2890,1156
eth:ethertype:ip:gre:ip:udp:rip,8,2,4624,1156
eth:ethertype:ip:gre:ip:udp:rdpudp:tls,1,1,578,578
eth:ethertype:ip:gre:ip:udp:rdpudp,1,0,578,0
eth:ethertype:ip:gre:ip:udp:raknet:raknet,1,0,578,0
eth:ethertype:ip:gre:ip:udp:raknet,4,0,2312,0
eth:ethertype:ip:gre:ip:udp:radius,1,1,578,578
eth:ethertype:ip:gre:ip:udp:quakeworld:data,5,2,2890,1156
eth:ethertype:ip:gre:ip:udp:quake:data,6,3,3980,2246
eth:ethertype:ip:gre:ip:udp:quake3:data,44,21,25944,12138
eth:ethertype:ip:gre:ip:udp:quake2:data,5,3,2890,1734
eth:ethertype:ip:gre:ip:udp:quake2,3,1,1734,578
eth:ethertype:ip:gre:ip:udp:ptp,2,2,1156,1156
eth:ethertype:ip:gre:ip:udp:pn_rt:pn_io,4,2,2312,1156
eth:ethertype:ip:gre:ip:udp:pktc.mtafqdn,3,2,1734,1156
eth:ethertype:ip:gre:ip:udp:pktc,7,5,4046,2890
eth:ethertype:ip:gre:ip:udp:pfcp,1,0,578,0
eth:ethertype:ip:gre:ip:udp:pathport,1,1,578,578
eth:ethertype:ip:gre:ip:udp:packetbb,3,1,1734,578
eth:ethertype:ip:gre:ip:udp:openvpn:tls,1,0,578,0
eth:ethertype:ip:gre:ip:udp:openvpn,2,1,1156,578
eth:ethertype:ip:gre:ip:udp:opensafety_udp:data,6,4,3468,2312
eth:ethertype:ip:gre:ip:udp:opensafety:data,4,1,2312,578
eth:ethertype:ip:gre:ip:udp:nxp_802154_sniffer:wpan:data,1,0,578,0
eth:ethertype:ip:gre:ip:udp:nxp_802154_sniffer:wpan,2,0,1156,0
eth:ethertype:ip:gre:ip:udp:nxp_802154_sniffer,2,1,1156,578
eth:ethertype:ip:gre:ip:udp:ntp,2,1,1156,578
eth:ethertype:ip:gre:ip:udp:ncp,6,2,3468,1156
eth:ethertype:ip:gre:ip:udp:nbns,4,1,2312,578
eth:ethertype:ip:gre:ip:udp:nbdgm,9,1,5714,578
eth:ethertype:ip:gre:ip:udp:nano,9,5,5202,2890
eth:ethertype:ip:gre:ip:udp:msmms,6,4,3468,2312
eth:ethertype:ip:gre:ip:udp:mpls:data,7,4,4046,2312
eth:ethertype:ip:gre:ip:udp:mipv6,2,2,1156,1156
eth:ethertype:ip:gre:ip:udp:mip,4,3,2312,1734
eth:ethertype:ip:gre:ip:udp:mint,9,4,5714,2312
eth:ethertype:ip:gre:ip:udp:mikey,5,2,2890,1156
eth:ethertype:ip:gre:ip:udp:mih,4,3,2312,1734
eth:ethertype:ip:gre:ip:udp:memcache,6,4,3468,2312
eth:ethertype:ip:gre:ip:udp:megaco:data,5,1,2890,578
eth:ethertype:ip:gre:ip:udp:mdns,2,0,1668,0
eth:ethertype:ip:gre:ip:udp:manolito,3,2,1734,1156
eth:ethertype:ip:gre:ip:udp:lwres,7,3,4046,1734
eth:ethertype:ip:gre:ip:udp:lwapp:wlan:data,2,1,1156,578
eth:ethertype:ip:gre:ip:udp:lwapp:wlan,1,1,578,578
eth:ethertype:ip:gre:ip:udp:lwapp:data,7,5,4046,2890
eth:ethertype:ip:gre:ip:udp:lmp,4,3,2312,1734
eth:ethertype:ip:gre:ip:udp:llmnr,3,1,1734,578
eth:ethertype:ip:gre:ip:udp:llc:sna:data,1,1,578,578
eth:ethertype:ip:gre:ip:udp:llc:data,25,9,14450,5202
eth:ethertype:ip:gre:ip:udp:lisp-data:ip:data,1,1,578,578
eth:ethertype:ip:gre:ip:udp:lisp-data:ip,1,1,578,578
eth:ethertype:ip:gre:ip:udp:lisp-data,6,1,3468,578
eth:ethertype:ip:gre:ip:udp:lisp:data,3,0,1734,0
eth:ethertype:ip:gre:ip:udp:kpasswd,2,2,1156,1156
eth:ethertype:ip:gre:ip:udp:knet,4,1,2312,578
eth:ethertype:ip:gre:ip:udp:kip,12,8,6936,4624
eth:ethertype:ip:gre:ip:udp:kink,3,3,1734,1734
eth:ethertype:ip:gre:ip:udp:kdp,4,0,2312,0
eth:ethertype:ip:gre:ip:udp:jmirror:ipv6:data,1,0,578,0
eth:ethertype:ip:gre:ip:udp:isakmp,4,1,2312,578
eth:ethertype:ip:gre:ip:udp:ipx:data,6,3,3468,1734
eth:ethertype:ip:gre:ip:udp:ipvs,4,2,2312,1156
eth:ethertype:ip:gre:ip:udp:infiniband:data,1,0,578,0
eth:ethertype:ip:gre:ip:udp:infiniband,5,4,2890,2312
eth:ethertype:ip:gre:ip:udp:ieee1722:data,3,1,1734,578
eth:ethertype:ip:gre:ip:udp:idn,2,0,1156,0
eth:ethertype:ip:gre:ip:udp:icp,5,2,2890,1156
eth:ethertype:ip:gre:ip:udp:iax2,1,1,578,578
eth:ethertype:ip:gre:ip:udp:iapp,5,5,2890,2890
eth:ethertype:ip:gre:ip:udp:hiqnet,4,3,2312,1734
eth:ethertype:ip:gre:ip:udp:hcrt,7,3,4046,1734
eth:ethertype:ip:gre:ip:udp:h501,3,1,1734,578
eth:ethertype:ip:gre:ip:udp:h248,2,2,1156,1156
eth:ethertype:ip:gre:ip:udp:h225,7,4,4046,2312
eth:ethertype:ip:gre:ip:udp:gtpprime,1,0,578,0
eth:ethertype:ip:gre:ip:udp:gsmtap:data,6,5,3468,2890
eth:ethertype:ip:gre:ip:udp:gre:data,1,0,578,0
eth:ethertype:ip:gre:ip:udp:gre,4,2,2312,1156
eth:ethertype:ip:gre:ip:udp:gprs-ns,13,6,8026,3980
eth:ethertype:ip:gre:ip:udp:goose:cotp:goose,2,1,1156,578
eth:ethertype:ip:gre:ip:udp:goose:cotp,32,15,18496,8670
eth:ethertype:ip:gre:ip:udp:geneve:data,3,1,1734,578
eth:ethertype:ip:gre:ip:udp:find,6,3,3468,1734
eth:ethertype:ip:gre:ip:udp:enrp,3,1,1734,578
eth:ethertype:ip:gre:ip:udp:enip,5,1,2890,578
eth:ethertype:ip:gre:ip:udp:elasticsearch,1,1,578,578
eth:ethertype:ip:gre:ip:udp:egd:data,4,3,2312,1734
eth:ethertype:ip:gre:ip:udp:ecmp,1,0,578,0
eth:ethertype:ip:gre:ip:udp:echo,3,1,1734,578
eth:ethertype:ip:gre:ip:udp:ecatf:tc_nv,1,1,578,578
eth:ethertype:ip:gre:ip:udp:ecatf:data,6,1,3468,578
eth:ethertype:ip:gre:ip:udp:dvb_ipdc:data,3,1,1734,578
eth:ethertype:ip:gre:ip:udp:dvb_ipdc:alc:rmt-lct,1,0,578,0
eth:ethertype:ip:gre:ip:udp:dtls,10,3,5780,1734
eth:ethertype:ip:gre:ip:udp:dpnet,4,0,2312,0
eth:ethertype:ip:gre:ip:udp:doip,3,1,1734,578
eth:ethertype:ip:gre:ip:udp:dof,9,5,5202,2890
eth:ethertype:ip:gre:ip:udp:dns,1,0,578,0
eth:ethertype:ip:gre:ip:udp:dmp,2,0,1156,0
eth:ethertype:ip:gre:ip:udp:dlsw,1,0,578,0
eth:ethertype:ip:gre:ip:udp:dlep,2,1,1156,578
eth:ethertype:ip:gre:ip:udp:dis,2,1,1156,578
eth:ethertype:ip:gre:ip:udp:dhcpv6,11,4,6358,2312
eth:ethertype:ip:gre:ip:udp:dhcp,10,5,5780,2890
eth:ethertype:ip:gre:ip:udp:dcp-etsi:dcp-af,2,1,1156,578
eth:ethertype:ip:gre:ip:udp:dcc,3,1,1734,578
eth:ethertype:ip:gre:ip:udp:db-lsp-disc,3,1,1734,578
eth:ethertype:ip:gre:ip:udp:daytime,2,1,1156,578
eth:ethertype:ip:gre:ip:udp:data,150822,75272,87588372,43714560
eth:ethertype:ip:gre:ip:udp:cups,6,3,3468,1734
eth:ethertype:ip:gre:ip:udp:corosync_totemnet:data,4,1,2312,578
eth:ethertype:ip:gre:ip:udp:collectd,4,3,2312,1734
eth:ethertype:ip:gre:ip:udp:coap,4,2,2312,1156
eth:ethertype:ip:gre:ip:udp:cnip:data,4,1,2312,578
eth:ethertype:ip:gre:ip:udp:cnip,6,3,3468,1734
eth:ethertype:ip:gre:ip:udp:cldap,10,4,6292,2312
eth:ethertype:ip:gre:ip:udp:cipio,3,1,1734,578
eth:ethertype:ip:gre:ip:udp:chargen,6,3,3468,1734
eth:ethertype:ip:gre:ip:udp:capwap.data:wlan,1,1,578,578
eth:ethertype:ip:gre:ip:udp:capwap:data,1,1,578,578
eth:ethertype:ip:gre:ip:udp:capwap,5,3,2890,1734
eth:ethertype:ip:gre:ip:udp:c1222,11,4,6358,2312
eth:ethertype:ip:gre:ip:udp:bjnp,7,5,4046,2890
eth:ethertype:ip:gre:ip:udp:bfd_echo,3,2,1734,1156
eth:ethertype:ip:gre:ip:udp:bfd,18,10,10404,5780
eth:ethertype:ip:gre:ip:udp:bat.vis:data,8,1,4624,578
eth:ethertype:ip:gre:ip:udp:bat.gw:data,2,1,1156,578
eth:ethertype:ip:gre:ip:udp:bat:data,4,1,2312,578
eth:ethertype:ip:gre:ip:udp:ayiya,6,2,3468,1156
eth:ethertype:ip:gre:ip:udp:ax4000,1,1,578,578
eth:ethertype:ip:gre:ip:udp:auto_rp,5,2,3402,1156
eth:ethertype:ip:gre:ip:udp:ath,7,1,4046,578
eth:ethertype:ip:gre:ip:udp:asterix,1,0,578,0
eth:ethertype:ip:gre:ip:udp:asap,4,4,2312,2312
eth:ethertype:ip:gre:ip:udp:amt,2,1,1156,578
eth:ethertype:ip:gre:ip:udp:ajns,3,1,1734,578
eth:ethertype:ip:gre:ip:udp:adp,8,6,4624,3468
eth:ethertype:ip:gre:ip:udp:acdr:xml,1,1,578,578
eth:ethertype:ip:gre:ip:udp:acdr,7,4,4046,2312
eth:ethertype:ip:gre:ip:udp:a21,2,0,1156,0
eth:ethertype:ip:gre:ip:udp,16950,8593,1127916,571746
eth:ethertype:ip:gre:ip:tcp:data,1,0,104,0
eth:ethertype:ip:gre:ip:tcp,408,204,42384,21192
eth:ethertype:ip:gre:ip:icmp:data,8192,4094,835584,417588
eth:ethertype:ip:gre:eth:ethertype:ip:udp:xyplex,6,3,5088,3312
eth:ethertype:ip:gre:eth:ethertype:ip:udp:wtp,2,1,1696,1104
eth:ethertype:ip:gre:eth:ethertype:ip:udp:wtls,24,14,21888,12896
eth:ethertype:ip:gre:eth:ethertype:ip:udp:wsp,12,7,12224,7216
eth:ethertype:ip:gre:eth:ethertype:ip:udp:wlccp,5,1,4496,1104
eth:ethertype:ip:gre:eth:ethertype:ip:udp:wisun.eapol_relay:eapol:data,9,2,9936,2208
eth:ethertype:ip:gre:eth:ethertype:ip:udp:who,6,5,5600,5008
eth:ethertype:ip:gre:eth:ethertype:ip:udp:vxlan:eth:ethertype:data,4,3,4416,3312
eth:ethertype:ip:gre:eth:ethertype:ip:udp:vuze-dht,4,4,3392,3392
eth:ethertype:ip:gre:eth:ethertype:ip:udp:vrt,7,5,6192,4496
eth:ethertype:ip:gre:eth:ethertype:ip:udp:ulp,4,2,4416,2208
eth:ethertype:ip:gre:eth:ethertype:ip:udp:udpencap:esp,2,2,2208,2208
eth:ethertype:ip:gre:eth:ethertype:ip:udp:uaudp,9,7,9424,7216
eth:ethertype:ip:gre:eth:ethertype:ip:udp:tzsp,5,4,3984,3392
eth:ethertype:ip:gre:eth:ethertype:ip:udp:tsp,5,4,5520,4416
eth:ethertype:ip:gre:eth:ethertype:ip:udp:ts2,3,1,2288,592
eth:ethertype:ip:gre:eth:ethertype:ip:udp:tplink-smarthome:json:data-text-lines,9,7,8400,6192
eth:ethertype:ip:gre:eth:ethertype:ip:udp:tpcp,2,2,2208,2208
eth:ethertype:ip:gre:eth:ethertype:ip:udp:tipc:data,1,0,1104,0
eth:ethertype:ip:gre:eth:ethertype:ip:udp:tipc,5,2,5008,2208
eth:ethertype:ip:gre:eth:ethertype:ip:udp:time,2,2,1696,1696
eth:ethertype:ip:gre:eth:ethertype:ip:udp:thrift,8,2,8832,2208
eth:ethertype:ip:gre:eth:ethertype:ip:udp:tetra,5,2,5008,1696
eth:ethertype:ip:gre:eth:ethertype:ip:udp:teredo:data,6,5,6624,5520
eth:ethertype:ip:gre:eth:ethertype:ip:udp:tacacs,6,1,5600,1104
eth:ethertype:ip:gre:eth:ethertype:ip:udp:syslog,3,1,3312,1104
eth:ethertype:ip:gre:eth:ethertype:ip:udp:srvloc,9,3,8912,2800
eth:ethertype:ip:gre:eth:ethertype:ip:udp:sctp,5,2,5008,1696
eth:ethertype:ip:gre:eth:ethertype:ip:udp:scop:data,15,8,14512,7296
eth:ethertype:ip:gre:eth:ethertype:ip:udp:scop,2,2,2208,2208
eth:ethertype:ip:gre:eth:ethertype:ip:udp:sap:sdp,1,0,1104,0
eth:ethertype:ip:gre:eth:ethertype:ip:udp:sap,8,4,7808,3904
eth:ethertype:ip:gre:eth:ethertype:ip:udp:sabp,6,2,6624,2208
eth:ethertype:ip:gre:eth:ethertype:ip:udp:rx:afs,1,1,1104,1104
eth:ethertype:ip:gre:eth:ethertype:ip:udp:rx,6,4,6112,3904
eth:ethertype:ip:gre:eth:ethertype:ip:udp:rtpproxy,2,1,2208,1104
eth:ethertype:ip:gre:eth:ethertype:ip:udp:rtcp,1029,555,1012112,546672
eth:ethertype:ip:gre:eth:ethertype:ip:udp:rsvp,9,4,9424,3904
eth:ethertype:ip:gre:eth:ethertype:ip:udp:rsp,4,2,4416,2208
eth:ethertype:ip:gre:eth:ethertype:ip:udp:rsip,9,5,9424,5008
eth:ethertype:ip:gre:eth:ethertype:ip:udp:rpc,7,3,6192,2800
eth:ethertype:ip:gre:eth:ethertype:ip:udp:rmcp,3,0,3312,0
eth:ethertype:ip:gre:eth:ethertype:ip:udp:ripng,7,5,7728,5520
eth:ethertype:ip:gre:eth:ethertype:ip:udp:rip,7,5,7216,5008
eth:ethertype:ip:gre:eth:ethertype:ip:udp:rdt,10,5,11040,5520
eth:ethertype:ip:gre:eth:ethertype:ip:udp:rdpudp:tls,3,2,2800,1696
eth:ethertype:ip:gre:eth:ethertype:ip:udp:rdpudp:dtls,2,0,2208,0
eth:ethertype:ip:gre:eth:ethertype:ip:udp:rdpudp,1,1,1104,1104
eth:ethertype:ip:gre:eth:ethertype:ip:udp:raknet,6,3,5600,2288
eth:ethertype:ip:gre:eth:ethertype:ip:udp:radius,1,1,592,592
eth:ethertype:ip:gre:eth:ethertype:ip:udp:quakeworld:data,10,4,8992,4416
eth:ethertype:ip:gre:eth:ethertype:ip:udp:quake:data,8,6,7808,5600
eth:ethertype:ip:gre:eth:ethertype:ip:udp:quake3:data,57,30,58320,32096
eth:ethertype:ip:gre:eth:ethertype:ip:udp:quake2:data,1,1,592,592
eth:ethertype:ip:gre:eth:ethertype:ip:udp:quake2,1,1,592,592
eth:ethertype:ip:gre:eth:ethertype:ip:udp:ptp,1,0,1104,0
eth:ethertype:ip:gre:eth:ethertype:ip:udp:portcontrol,1,0,1104,0
eth:ethertype:ip:gre:eth:ethertype:ip:udp:pn_rt:pn_io,5,2,4496,1696
eth:ethertype:ip:gre:eth:ethertype:ip:udp:pktc.mtafqdn,3,3,3312,3312
eth:ethertype:ip:gre:eth:ethertype:ip:udp:pktc,10,3,7968,2800
eth:ethertype:ip:gre:eth:ethertype:ip:udp:pfcp,10,5,10016,5520
eth:ethertype:ip:gre:eth:ethertype:ip:udp:pathport,5,2,5008,1696
eth:ethertype:ip:gre:eth:ethertype:ip:udp:packetbb,7,3,6704,3312
eth:ethertype:ip:gre:eth:ethertype:ip:udp:openvpn,8,3,8832,3312
eth:ethertype:ip:gre:eth:ethertype:ip:udp:opensafety_udp:data,3,3,2800,2800
eth:ethertype:ip:gre:eth:ethertype:ip:udp:opensafety:data,3,1,2800,1104
eth:ethertype:ip:gre:eth:ethertype:ip:udp:nxp_802154_sniffer:wpan:data,2,1,2208,1104
eth:ethertype:ip:gre:eth:ethertype:ip:udp:nxp_802154_sniffer:wpan,4,2,4416,2208
eth:ethertype:ip:gre:eth:ethertype:ip:udp:ntp,5,3,5008,2800
eth:ethertype:ip:gre:eth:ethertype:ip:udp:ncp,3,2,3312,2208
eth:ethertype:ip:gre:eth:ethertype:ip:udp:nbns,7,4,7728,4416
eth:ethertype:ip:gre:eth:ethertype:ip:udp:nbdgm,5,3,5520,3312
eth:ethertype:ip:gre:eth:ethertype:ip:udp:nano,5,1,5008,1104
eth:ethertype:ip:gre:eth:ethertype:ip:udp:msproxy,2,1,2208,1104
eth:ethertype:ip:gre:eth:ethertype:ip:udp:msmms,8,4,8320,4416
eth:ethertype:ip:gre:eth:ethertype:ip:udp:mpls:pwach:data,1,0,1104,0
eth:ethertype:ip:gre:eth:ethertype:ip:udp:mpls:ipv6:data,1,1,1104,1104
eth:ethertype:ip:gre:eth:ethertype:ip:udp:mpls:ip,1,1,1104,1104
eth:ethertype:ip:gre:eth:ethertype:ip:udp:mpls:data,7,4,7728,4416
eth:ethertype:ip:gre:eth:ethertype:ip:udp:mipv6,6,2,6112,1696
eth:ethertype:ip:gre:eth:ethertype:ip:udp:mip,5,2,5520,2208
eth:ethertype:ip:gre:eth:ethertype:ip:udp:mint,17,8,16208,7808
eth:ethertype:ip:gre:eth:ethertype:ip:udp:mikey,5,5,5520,5520
eth:ethertype:ip:gre:eth:ethertype:ip:udp:mih,7,2,6704,1696
eth:ethertype:ip:gre:eth:ethertype:ip:udp:memcache,3,2,3312,2208
eth:ethertype:ip:gre:eth:ethertype:ip:udp:megaco:data,12,8,12736,8832
eth:ethertype:ip:gre:eth:ethertype:ip:udp:mdns,5,3,5520,3312
eth:ethertype:ip:gre:eth:ethertype:ip:udp:manolito,7,2,6704,1184
eth:ethertype:ip:gre:eth:ethertype:ip:udp:mactelnet:data,1,1,1104,1104
eth:ethertype:ip:gre:eth:ethertype:ip:udp:lwres,7,4,6192,2880
eth:ethertype:ip:gre:eth:ethertype:ip:udp:lwapp:wlan:data,5,2,5008,2208
eth:ethertype:ip:gre:eth:ethertype:ip:udp:lwapp:wlan,2,1,2208,1104
eth:ethertype:ip:gre:eth:ethertype:ip:udp:lwapp:data,11,5,11632,5520
eth:ethertype:ip:gre:eth:ethertype:ip:udp:ltp,1,1,1104,1104
eth:ethertype:ip:gre:eth:ethertype:ip:udp:lmp,4,2,4416,2208
eth:ethertype:ip:gre:eth:ethertype:ip:udp:llmnr,11,6,10608,5088
eth:ethertype:ip:gre:eth:ethertype:ip:udp:llc:ipx:data,1,1,1104,1104
eth:ethertype:ip:gre:eth:ethertype:ip:udp:llc:data,48,25,46848,24016
eth:ethertype:ip:gre:eth:ethertype:ip:udp:lisp-data:ipv6:data,1,0,1104,0
eth:ethertype:ip:gre:eth:ethertype:ip:udp:lisp:data,8,3,7808,2800
eth:ethertype:ip:gre:eth:ethertype:ip:udp:lisp-data,6,3,6112,2800
eth:ethertype:ip:gre:eth:ethertype:ip:udp:lisp,2,0,1696,0
eth:ethertype:ip:gre:eth:ethertype:ip:udp:l2tp,1,0,1104,0
eth:ethertype:ip:gre:eth:ethertype:ip:udp:kpasswd,7,4,6192,3392
eth:ethertype:ip:gre:eth:ethertype:ip:udp:knet,7,3,5168,1776
eth:ethertype:ip:gre:eth:ethertype:ip:udp:kip,18,8,16800,7296
eth:ethertype:ip:gre:eth:ethertype:ip:udp:kink,4,3,4416,3312
eth:ethertype:ip:gre:eth:ethertype:ip:udp:kerberos,3,1,3312,1104
eth:ethertype:ip:gre:eth:ethertype:ip:udp:kdp,4,4,4416,4416
eth:ethertype:ip:gre:eth:ethertype:ip:udp:isakmp,4,4,3904,3904
eth:ethertype:ip:gre:eth:ethertype:ip:udp:ipx:data,8,3,7296,2288
eth:ethertype:ip:gre:eth:ethertype:ip:udp:ipvs,8,2,8832,2208
eth:ethertype:ip:gre:eth:ethertype:ip:udp:infiniband,3,1,2800,1104
eth:ethertype:ip:gre:eth:ethertype:ip:udp:ieee1722:data,5,4,4496,3904
eth:ethertype:ip:gre:eth:ethertype:ip:udp:ieee1722:aaf,1,0,1104,0
eth:ethertype:ip:gre:eth:ethertype:ip:udp:idn,7,5,7728,5520
eth:ethertype:ip:gre:eth:ethertype:ip:udp:icp,6,1,5600,1104
eth:ethertype:ip:gre:eth:ethertype:ip:udp:iax2,6,2,6112,1696
eth:ethertype:ip:gre:eth:ethertype:ip:udp:iapp,6,4,5600,3904
eth:ethertype:ip:gre:eth:ethertype:ip:udp:hiqnet,7,3,6704,2800
eth:ethertype:ip:gre:eth:ethertype:ip:udp:hcrt,8,6,7296,5600
eth:ethertype:ip:gre:eth:ethertype:ip:udp:h501,8,3,8832,3312
eth:ethertype:ip:gre:eth:ethertype:ip:udp:h248,6,1,5600,1104
eth:ethertype:ip:gre:eth:ethertype:ip:udp:h225:data,1,0,1104,0
eth:ethertype:ip:gre:eth:ethertype:ip:udp:h225,15,9,14512,8912
eth:ethertype:ip:gre:eth:ethertype:ip:udp:gtp:gtpv2,1,0,1104,0
eth:ethertype:ip:gre:eth:ethertype:ip:udp:gsmtap:data,4,2,3392,1696
eth:ethertype:ip:gre:eth:ethertype:ip:udp:gre:data,2,1,2208,1104
eth:ethertype:ip:gre:eth:ethertype:ip:udp:gre,3,1,3312,1104
eth:ethertype:ip:gre:eth:ethertype:ip:udp:gprs-ns,12,6,12224,5600
eth:ethertype:ip:gre:eth:ethertype:ip:udp:goose:cotp:goose,2,1,2208,1104
eth:ethertype:ip:gre:eth:ethertype:ip:udp:goose:cotp,52,23,49728,21296
eth:ethertype:ip:gre:eth:ethertype:ip:udp:geneve:data,4,2,4416,2208
eth:ethertype:ip:gre:eth:ethertype:ip:udp:find,9,5,8400,5008
eth:ethertype:ip:gre:eth:ethertype:ip:udp:eth:ethertype:data,4,2,3904,1696
eth:ethertype:ip:gre:eth:ethertype:ip:udp:epl:data,1,0,1104,0
eth:ethertype:ip:gre:eth:ethertype:ip:udp:enrp,6,4,6112,3904
eth:ethertype:ip:gre:eth:ethertype:ip:udp:enip,6,5,5600,4496
eth:ethertype:ip:gre:eth:ethertype:ip:udp:elasticsearch,2,0,1696,0
eth:ethertype:ip:gre:eth:ethertype:ip:udp:egd:data,2,1,2208,1104
eth:ethertype:ip:gre:eth:ethertype:ip:udp:ecmp,7,4,6192,4416
eth:ethertype:ip:gre:eth:ethertype:ip:udp:echo,6,3,5600,2800
eth:ethertype:ip:gre:eth:ethertype:ip:udp:ecatf:ioraw,1,0,1104,0
eth:ethertype:ip:gre:eth:ethertype:ip:udp:ecatf:data,1,0,1104,0
eth:ethertype:ip:gre:eth:ethertype:ip:udp:dvb_ipdc:data,9,4,8400,3904
eth:ethertype:ip:gre:eth:ethertype:ip:udp:dvb_ipdc:alc:rmt-lct,1,0,592,0
eth:ethertype:ip:gre:eth:ethertype:ip:udp:dtls,25,13,22992,10768
eth:ethertype:ip:gre:eth:ethertype:ip:udp:dpnet,6,4,6112,4416
eth:ethertype:ip:gre:eth:ethertype:ip:udp:doip,3,1,3312,1104
eth:ethertype:ip:gre:eth:ethertype:ip:udp:dof,17,11,17744,11632
eth:ethertype:ip:gre:eth:ethertype:ip:udp:dns,6,1,6112,1104
eth:ethertype:ip:gre:eth:ethertype:ip:udp:dmp,1,0,1104,0
eth:ethertype:ip:gre:eth:ethertype:ip:udp:dlsw,1,0,1104,0
eth:ethertype:ip:gre:eth:ethertype:ip:udp:dlep,5,2,5520,2208
eth:ethertype:ip:gre:eth:ethertype:ip:udp:dis,4,1,4416,1104
eth:ethertype:ip:gre:eth:ethertype:ip:udp:dhcpv6,9,6,7376,4576
eth:ethertype:ip:gre:eth:ethertype:ip:udp:dhcp,10,4,8992,2368
eth:ethertype:ip:gre:eth:ethertype:ip:udp:dcp-etsi:dcp-pft,2,2,2208,2208
eth:ethertype:ip:gre:eth:ethertype:ip:udp:dcp-etsi:dcp-af,4,4,3392,3392
eth:ethertype:ip:gre:eth:ethertype:ip:udp:dcc,2,1,2208,1104
eth:ethertype:ip:gre:eth:ethertype:ip:udp:db-lsp-disc,8,3,8832,3312
eth:ethertype:ip:gre:eth:ethertype:ip:udp:daytime,9,9,8400,8400
eth:ethertype:ip:gre:eth:ethertype:ip:udp:data,214691,107046,212591344,105995744
eth:ethertype:ip:gre:eth:ethertype:ip:udp:cups,6,1,5600,1104
eth:ethertype:ip:gre:eth:ethertype:ip:udp:corosync_totemnet:data,17,8,18256,8832
eth:ethertype:ip:gre:eth:ethertype:ip:udp:collectd,6,2,5600,2208
eth:ethertype:ip:gre:eth:ethertype:ip:udp:coap,4,2,3392,1696
eth:ethertype:ip:gre:eth:ethertype:ip:udp:cnip:data,7,5,7728,5520
eth:ethertype:ip:gre:eth:ethertype:ip:udp:cnip,1,1,592,592
eth:ethertype:ip:gre:eth:ethertype:ip:udp:cldap,5,2,5008,1696
eth:ethertype:ip:gre:eth:ethertype:ip:udp:cipio,5,3,5008,2800
eth:ethertype:ip:gre:eth:ethertype:ip:udp:chargen,5,3,4496,2800
eth:ethertype:ip:gre:eth:ethertype:ip:udp:capwap.data:eth:ethertype:data,1,0,1104,0
eth:ethertype:ip:gre:eth:ethertype:ip:udp:capwap.data:data,3,2,3312,2208
eth:ethertype:ip:gre:eth:ethertype:ip:udp:capwap:data,5,2,4496,1696
eth:ethertype:ip:gre:eth:ethertype:ip:udp:capwap.data,1,0,592,0
eth:ethertype:ip:gre:eth:ethertype:ip:udp:capwap,1,0,1104,0
eth:ethertype:ip:gre:eth:ethertype:ip:udp:c1222,7,2,6704,1696
eth:ethertype:ip:gre:eth:ethertype:ip:udp:bjnp,7,5,7216,5008
eth:ethertype:ip:gre:eth:ethertype:ip:udp:bfd_echo,14,6,14432,6112
eth:ethertype:ip:gre:eth:ethertype:ip:udp:bfd,22,16,21216,16640
eth:ethertype:ip:gre:eth:ethertype:ip:udp:bat.vis:data,14,8,13408,8320
eth:ethertype:ip:gre:eth:ethertype:ip:udp:bat.gw:data,5,3,5008,3312
eth:ethertype:ip:gre:eth:ethertype:ip:udp:bat:data,6,3,5600,3312
eth:ethertype:ip:gre:eth:ethertype:ip:udp:ayiya,7,3,7728,3312
eth:ethertype:ip:gre:eth:ethertype:ip:udp:ax4000,9,2,9936,2208
eth:ethertype:ip:gre:eth:ethertype:ip:udp:auto_rp,11,7,11632,7728
eth:ethertype:ip:gre:eth:ethertype:ip:udp:ath,9,3,8400,3312
eth:ethertype:ip:gre:eth:ethertype:ip:udp:asterix,10,5,9504,3984
eth:ethertype:ip:gre:eth:ethertype:ip:udp:asap,10,6,11040,6624
eth:ethertype:ip:gre:eth:ethertype:ip:udp:ardp,3,2,2800,1696
eth:ethertype:ip:gre:eth:ethertype:ip:udp:amt,2,2,1696,1696
eth:ethertype:ip:gre:eth:ethertype:ip:udp:ajns,10,6,10528,6624
eth:ethertype:ip:gre:eth:ethertype:ip:udp:adp,8,3,6272,1776
eth:ethertype:ip:gre:eth:ethertype:ip:udp:acdr,10,3,10016,3312
eth:ethertype:ip:gre:eth:ethertype:ip:udp:a21,12,7,12224,7216
eth:ethertype:ip:gre:eth:ethertype:ip:udp,120396,60128,9656768,4820480
eth:ethertype:ip:etherip:eth:ethertype:ip:udp:data,44,20,4528,2056
eth:ethertype:ip:etherip:eth:ethertype:ip:tcp:data,1,0,116,0
eth:ethertype:ip:etherip:eth:ethertype:ip:tcp,408,204,47280,23640
eth:ethertype:ip:esp,13,7,18226,9814
eth:ethertype:ip:data,1255334,718,1898621719,130885
